machine_name,model_name,board_name,lot_number,model_code,default_date,volume,rest_volume,line_code,productions,divisions_volume
GC01,FVA-M2ST,PB集合,1199234-20,Y8469645R,2025-10-28,330.0,0,GC12,"{datetime.datetime(2025, 10, 27, 0, 0): 150, datetime.datetime(2025, 10, 28, 0, 0): 180}",2
GC01,VCB-NPB2F,DCP-133Z集合,1198843-10,Y8470696RA,2025-10-29,6000.0,0,GC17,"{datetime.datetime(2025, 10, 28, 0, 0): 4500, datetime.datetime(2025, 10, 29, 0, 0): 1500}",20
GC01,VCB-NPB2F,DCP-133Z集合,1198843-20,Y8470696RA,2025-10-29,6000.0,0,GC17,"{datetime.datetime(2025, 10, 29, 0, 0): 4900, datetime.datetime(2025, 10, 30, 0, 0): 1100}",20
GC01,VCB-NPB2B,DCP-133Z集合,1199474-10,Y8470695RA,2025-11-06,1080.0,0,GC17,"{datetime.datetime(2025, 11, 7, 0, 0): 1080}",20
GC01,VCB-NPB2F,DCP-133Z集合,1199301-10,Y8470696RA,2025-11-06,40.0,0,GC17,"{datetime.datetime(2025, 11, 7, 0, 0): 40}",20
GC01,VCB-NPB2B,DCP-133Z集合,1199474-20,Y8470695RA,2025-11-06,1080.0,0,GC17,"{datetime.datetime(2025, 11, 7, 0, 0): 1080}",20
GC01,VCB-NPB2F,DCP-133Z集合,1199301-20,Y8470696RA,2025-11-06,40.0,0,GC17,"{datetime.datetime(2025, 11, 7, 0, 0): 40}",20
GC01,VCB-N5B2B,DCP-81Z集合,1199441-10,Y8470250R,2025-11-07,2400.0,0,GC17,"{datetime.datetime(2025, 11, 7, 0, 0): 2400}",20
GC01,VCB-N5B2B,DCP-81Z集合,1199441-20,Y8470250R,2025-11-07,2400.0,0,GC17,"{datetime.datetime(2025, 11, 11, 0, 0): 2400}",20
GC01,VCB-NPB2F,DCP-133Z集合,1199429-10,Y8470696RA,2025-11-06,3000.0,0,GC17,"{datetime.datetime(2025, 11, 11, 0, 0): 3000}",20
GC01,VCB-NPB2F,DCP-133Z集合,1199429-20,Y8470696RA,2025-11-06,3000.0,0,GC17,"{datetime.datetime(2025, 11, 11, 0, 0): 360, datetime.datetime(2025, 11, 12, 0, 0): 2640}",20
GC01,VCB-MB551,DCP,1198839-10,Y8469650R,2025-10-10,480.0,0,GC17,"{datetime.datetime(2025, 10, 26, 0, 0): 480}",20
GC01,VCB-MB551,DCP,1198839-20,Y8469650R,2025-10-10,480.0,0,GC17,"{datetime.datetime(2025, 10, 26, 0, 0): 480}",20
GC01,VCB-MB551,DCP,1199489-10,Y8469650R,2025-11-28,1000.0,0,GC17,"{datetime.datetime(2025, 10, 26, 0, 0): 1000}",20
GC01,VCB-MB551,DCP,1199489-20,Y8469650R,2025-11-28,1000.0,0,GC17,"{datetime.datetime(2025, 10, 26, 0, 0): 1000}",20
GC01,VCB-MB551,DCP,-10,Y8469650R,2026-04-03,480.0,0,GC17,"{datetime.datetime(2025, 10, 26, 0, 0): 480}",20
GC01,VCB-MB551,DCP,-20,Y8469650R,2026-04-03,480.0,0,GC17,"{datetime.datetime(2025, 10, 26, 0, 0): 480}",20
GC01,VCB-NPB2F,DCP-133Z集合,1199487-10,Y8470696RA,2025-11-19,3000.0,0,GC17,"{datetime.datetime(2025, 10, 26, 0, 0): 6000}",20
GC01,VCB-NPB2F,DCP-133Z集合,1199487-20,Y8470696RA,2025-11-19,6000.0,0,GC17,"{datetime.datetime(2025, 10, 26, 0, 0): 6000}",20
GC01,VCB-NPB2B,DCP-133Z集合,1198815-10,Y8470696RA,2025-10-15,460.0,0,GC17,"{datetime.datetime(2025, 10, 26, 0, 0): 1440}",20
GC01,VCB-NPB2B,DCP-133Z集合,1198815-20,Y8470695RA,2025-10-15,1440.0,0,GC17,"{datetime.datetime(2025, 10, 26, 0, 0): 1440}",20
GC01,VCB-NPB2B,DCP-133Z集合,1198835-10,Y8470695RA,2025-10-15,1440.0,0,GC17,"{datetime.datetime(2025, 10, 26, 0, 0): 7200}",20
GC01,VCB-NPB2B,DCP-133Z集合,1198835-20,Y8470695RA,2025-10-15,7200.0,0,GC17,"{datetime.datetime(2025, 10, 26, 0, 0): 7200}",20
GC01,FVA-M2ST,DCP-133Z集合,1199234-10,Y8470695RA,2025-10-28,,0,GC12,"{datetime.datetime(2025, 10, 27, 0, 0): 330}",2
GC01,AAE004547-CAA,ﾑｾﾝｶｷｯﾄ集合,1199448-10,Y8470348R,2025-10-23,,0,GC09,"{datetime.datetime(2025, 10, 29, 0, 0): 960}",6
GC01,AAE005155-CCA,MAIN集合,1199449-10,Y8470680R,2025-10-22,960.0,0,GT30,"{datetime.datetime(2025, 10, 29, 0, 0): 990}",6
GC01,AAE005155-CAA,MAIN集合,1199450-10,Y8470839R,2025-10-22,990.0,0,GT30,"{datetime.datetime(2025, 10, 29, 0, 0): 5040}",6
GC01,AAE005155-CBA,MAIN集合,1199451-10,Y8470837R,2025-10-22,5040.0,0,GT30,"{datetime.datetime(2025, 10, 30, 0, 0): 540}",6
GC01,AAE004547-CAA,MAIN集合,1199452-10,Y8470838R,2025-10-23,540.0,0,GC09,"{datetime.datetime(2025, 10, 30, 0, 0): 1800}",6
GC01,AAE004547-CAA,MAIN集合,1199453-10,Y8470680R,2025-10-23,1800.0,0,GC09,"{datetime.datetime(2025, 10, 31, 0, 0): 1800}",6
GC01,AAE005155-CCA,MAIN集合,1199454-10,Y8470680R,2025-10-24,1800.0,0,GT30,"{datetime.datetime(2025, 10, 31, 0, 0): 990}",6
GC01,AAE005155-CCA,MAIN集合,1199563-10,Y8470839R,2025-10-29,990.0,0,GT30,"{datetime.datetime(2025, 10, 29, 0, 0): 990}",6
GC01,AAE005155-CAA,MAIN集合,1199564-10,Y8470839R,2025-10-29,990.0,0,GT30,"{datetime.datetime(2025, 10, 29, 0, 0): 5040}",6
GC01,AAE005155-CBA,MAIN集合,1199565-10,Y8470837R,2025-10-29,5040.0,0,GT30,"{datetime.datetime(2025, 10, 29, 0, 0): 540}",6
GC01,AAE004547-CAA,MAIN集合,1199566-10,Y8470838R,2025-10-30,540.0,0,GC09,"{datetime.datetime(2025, 10, 30, 0, 0): 960}",6
GC01,AAE005155-CAA,MAIN集合,1199567-10,Y8470680R,2025-10-29,960.0,0,GT30,"{datetime.datetime(2025, 10, 29, 0, 0): 5580}",6
GC02,VCB-H71,CCD,1199003-10,Y8468729RA,2025-10-24,50.0,0,GT15,"{datetime.datetime(2025, 10, 24, 0, 0): 50}",10
GC02,VCB-H71,CCD,1198841-20,Y8468729RA,2025-10-24,150.0,0,GT15,"{datetime.datetime(2025, 10, 24, 0, 0): 150}",10
GC02,VCB-H71,CCD,1199003-20,Y8468729RA,2025-10-24,50.0,0,GT15,"{datetime.datetime(2025, 10, 24, 0, 0): 50}",10
GC02,VCB-H71,CCD,1198841-10,Y8468729RA,2025-10-24,150.0,0,GT15,"{datetime.datetime(2025, 10, 21, 0, 0): 150}",10
GC02,VCB-H71,CCD,-10,Y8468729RA,2026-06-19,50.0,0,GT15,"{datetime.datetime(2025, 10, 21, 0, 0): 350}",10
GC02,VCB-H71,CCD,-20,Y8468729RA,2026-06-19,350.0,0,GT15,"{datetime.datetime(2025, 10, 21, 0, 0): 350}",10
GC02,VCB-N505I(SYX),PS,1197230-10,Y8469081RB,2025-07-04,,0,GT15,"{datetime.datetime(2025, 10, 23, 0, 0): 40}",20
GC02,VCB-N505I(SYX),AVP,1197230-20,Y8469323R,2025-07-04,40.0,0,GT15,"{datetime.datetime(2025, 10, 23, 0, 0): 40}",20
GC02,VCB-N505I(SYX),AVP,1197231-10,Y8469323R,2025-07-04,40.0,0,GT15,"{datetime.datetime(2025, 10, 23, 0, 0): 20}",20
GC02,VCB-N505I(SYX),AVP,1197231-20,Y8469323R,2025-07-04,20.0,0,GT15,"{datetime.datetime(2025, 10, 23, 0, 0): 20}",20
GC02,VCB-N505I(SYX),AVP,1197232-10,Y8469323R,2025-07-04,20.0,0,GT15,"{datetime.datetime(2025, 10, 23, 0, 0): 20}",20
GC02,VCB-N505I(SYX),PS,1197232-20,Y8469325R,2025-07-04,20.0,0,GT15,"{datetime.datetime(2025, 10, 23, 0, 0): 20}",20
GC02,VCB-N505I(SYX),PS,1197130-10,Y8469325R,2025-07-04,20.0,0,GT15,"{datetime.datetime(2025, 10, 23, 0, 0): 160}",20
GC02,VCB-N505I(SYX),AVP,1197130-20,Y8469323R,2025-07-04,160.0,0,GT15,"{datetime.datetime(2025, 10, 23, 0, 0): 160}",20
GC02,VCB-N508B,AVP,1197131-10,Y8469323R,2025-07-04,160.0,0,GT15,"{datetime.datetime(2025, 10, 23, 0, 0): 160}",20
GC02,VCB-N508B,PS,1197131-20,Y8469341R,2025-07-04,160.0,0,GT15,"{datetime.datetime(2025, 10, 23, 0, 0): 160}",20
GC03,CN-SNDFJ0CJ,771ANAVI,1199370-20,Y8470813R,2025-10-22,400.0,0,GC03,"{datetime.datetime(2025, 10, 24, 0, 0): 400}",1
GC03,CN-SNDFJ0CJ,771ANAVI,1199045-20,Y8470813R,2025-10-24,1.0,0,GC03,"{datetime.datetime(2025, 10, 24, 0, 0): 1}",1
GC03,CN-SNDFJ0CJ,771ANAVI,1199046-20,Y8470813R,2025-10-24,3.0,0,GC03,"{datetime.datetime(2025, 10, 24, 0, 0): 3}",1
GC03,CN-SNDFJ0CJ,771ANAVI,1199047-20,Y8470813R,2025-10-24,6.0,0,GC03,"{datetime.datetime(2025, 10, 24, 0, 0): 6}",1
GC03,CN-SNDFJ0CJ,771ANAVI,1199496-20,Y8470813R,2025-10-24,400.0,0,GC03,"{datetime.datetime(2025, 10, 24, 0, 0): 400}",1
GC03,CN-SNDFJ0CJ,771ANAVI,1199497-20,Y8470813R,2025-10-24,400.0,0,GC03,"{datetime.datetime(2025, 10, 27, 0, 0): 400}",1
GC03,CN-SBDFJ0CJ,771BNAVI,1199048-20,Y8470817R,2025-10-27,6.0,0,GC03,"{datetime.datetime(2025, 10, 28, 0, 0): 6}",1
GC03,CN-SBDFJ0CJ,771BNAVI,1199500-20,Y8470817R,2025-10-27,200.0,0,GC03,"{datetime.datetime(2025, 10, 28, 0, 0): 200}",1
GC03,CN-SBDFJ0CJ,771BNAVI,1199501-20,Y8470817R,2025-10-27,370.0,0,GC03,"{datetime.datetime(2025, 10, 28, 0, 0): 300, datetime.datetime(2025, 10, 29, 0, 0): 70}",1
GC03,AAE005155-CCA,MAIN集合,1199563-10,Y8470839R,2025-10-28,990.0,0,GT30,"{datetime.datetime(2025, 10, 29, 0, 0): 990}",6
GC03,AAE005155-CAA,MAIN集合,1199564-10,Y8470837R,2025-10-29,5040.0,0,GT30,"{datetime.datetime(2025, 10, 29, 0, 0): 3720, datetime.datetime(2025, 10, 30, 0, 0): 1320}",6
GC03,AAE005155-CBA,MAIN集合,1199565-10,Y8470838R,2025-10-28,540.0,0,GT30,"{datetime.datetime(2025, 10, 30, 0, 0): 540}",6
GC03,CN-SNDFJ0CJ,771ANAVI,1199498-20,Y8470813R,2025-10-24,80.0,0,GC03,"{datetime.datetime(2025, 10, 30, 0, 0): 80}",1
GC03,CN-SNDFJ0CJ,771ANAVI,1199499-20,Y8470813R,2025-10-29,450.0,0,GC03,"{datetime.datetime(2025, 10, 30, 0, 0): 450}",1
GC03,AAE005155-CAA,MAIN集合,1199567-10,Y8470837R,2025-10-31,5580.0,0,GT30,"{datetime.datetime(2025, 10, 31, 0, 0): 3000}",6
GC03,CN-SNDFJ0CJ,771ANAVI,1199140-20,Y8470813R,2025-10-30,6.0,0,GC03,"{datetime.datetime(2025, 10, 31, 0, 0): 6}",1
GC03,CN-SNDFJ0CJ,771ANAVI,1199588-20,Y8470813R,2025-10-30,450.0,0,GC03,"{datetime.datetime(2025, 10, 31, 0, 0): 325, datetime.datetime(2025, 11, 4, 0, 0): 125}",1
GC03,CN-SNDFJ0CJ,771ANAVI,1199589-20,Y8470813R,2025-10-30,450.0,0,GC03,"{datetime.datetime(2025, 11, 4, 0, 0): 450}",1
GC03,CN-SNDFJ0CJ,MAIN集合,1199590-20,Y8470837R,2025-10-30,5580.0,0,GC03,"{datetime.datetime(2025, 11, 5, 0, 0): 400}",1
GC03,CN-SNDFJ0CJ,771ANAVI,1199144-20,Y8470813R,2025-11-05,450.0,0,GC03,"{datetime.datetime(2025, 11, 5, 0, 0): 1}",1
GC03,CN-SNDFJ0CJ,771ANAVI,1199591-20,Y8470813R,2025-11-05,1.0,0,GC03,"{datetime.datetime(2025, 11, 5, 0, 0): 80, datetime.datetime(2025, 11, 6, 0, 0): 370}",1
GC03,CN-SNDFJ0CJ,771ANAVI,1199592-20,Y8470813R,2025-11-05,450.0,0,GC03,"{datetime.datetime(2025, 11, 6, 0, 0): 205, datetime.datetime(2025, 11, 7, 0, 0): 245}",1
GC03,CN-SBDFJ0CJ,771ANAVI,1199142-20,Y8470813R,2025-11-04,450.0,0,GC03,"{datetime.datetime(2025, 11, 7, 0, 0): 4}",1
GC03,FH2224,771BNAVI,1199307-10,Y8470817R,2025-11-12,4.0,0,GC19,"{datetime.datetime(2025, 11, 12, 0, 0): 132}",1
GC03,FH2224,FH2224基板,1199307-20,Y8470563R,2025-11-12,132.0,0,GC19,"{datetime.datetime(2025, 11, 12, 0, 0): 72, datetime.datetime(2025, 11, 13, 0, 0): 60}",1
GC04,GMC-2101-DC48V/ALM,MAIN集合,1198254-20,Y8469448M,2025-10-23,12.0,0,GC01,"{datetime.datetime(2025, 10, 24, 0, 0): 12}",6
GC04,NS-2236,MAIN,1198787-10,Y8469581R,2025-10-23,100.0,0,GC16,"{datetime.datetime(2025, 10, 24, 0, 0): 100}",1
GC04,NS-2236,MAIN,1198787-20,Y8469581R,2025-10-23,100.0,0,GC16,"{datetime.datetime(2025, 10, 24, 0, 0): 100}",1
GC04,CN-SNDFJ0CJ,772ALCD,1199375-10,Y8470815R,2025-10-22,400.0,0,GC03,"{datetime.datetime(2025, 10, 24, 0, 0): 400}",1
GC04,CN-SNDFJ0CJ,772ALCD,1199375-20,Y8470815R,2025-10-22,400.0,0,GC03,"{datetime.datetime(2025, 10, 24, 0, 0): 35, datetime.datetime(2025, 10, 27, 0, 0): 365}",1
GC04,CN-SNDFJ0CJ,772ALCD,1199502-10,Y8470815R,2025-10-24,400.0,0,GC03,"{datetime.datetime(2025, 10, 27, 0, 0): 400}",1
GC04,CN-SNDFJ0CJ,772ALCD,1199502-20,Y8470815R,2025-10-24,400.0,0,GC03,"{datetime.datetime(2025, 10, 27, 0, 0): 280, datetime.datetime(2025, 10, 28, 0, 0): 120}",1
GC04,CN-SNDFJ0CJ,772ALCD,1199503-10,Y8470815R,2025-10-24,400.0,0,GC03,"{datetime.datetime(2025, 10, 28, 0, 0): 400}",1
GC04,CN-SNDFJ0CJ,772ALCD,1199503-20,Y8470815R,2025-10-24,400.0,0,GC03,"{datetime.datetime(2025, 10, 28, 0, 0): 400}",1
GC04,CN-SNDFJ0CJ,772ALCD,1199504-10,Y8470815R,2025-10-24,200.0,0,GC03,"{datetime.datetime(2025, 10, 28, 0, 0): 80, datetime.datetime(2025, 10, 29, 0, 0): 120}",1
GC04,CN-SNDFJ0CJ,772ALCD,1199505-10,Y8470815R,2025-10-24,370.0,0,GC03,"{datetime.datetime(2025, 10, 29, 0, 0): 370}",1
GC04,CN-SNDFJ0CJ,772ALCD,1199506-10,Y8470815R,2025-10-24,80.0,0,GC03,"{datetime.datetime(2025, 10, 29, 0, 0): 80}",1
GC04,CN-SNDFJ0CJ,772ALCD,1199504-20,Y8470815R,2025-10-24,200.0,0,GC03,"{datetime.datetime(2025, 10, 29, 0, 0): 200}",1
GC04,CN-SNDFJ0CJ,772ALCD,1199505-20,Y8470815R,2025-10-24,370.0,0,GC03,"{datetime.datetime(2025, 10, 29, 0, 0): 290, datetime.datetime(2025, 10, 30, 0, 0): 80}",1
GC04,CN-SNDFJ0CJ,772ALCD,1199506-20,Y8470815R,2025-10-24,80.0,0,GC03,"{datetime.datetime(2025, 10, 30, 0, 0): 80}",1
GC04,CN-SNDFJ0CJ,772ALCD,1199507-10,Y8470815R,2025-10-29,450.0,0,GC03,"{datetime.datetime(2025, 10, 30, 0, 0): 450}",1
GC04,CN-SNDFJ0CJ,772ALCD,1199507-20,Y8470815R,2025-10-29,450.0,0,GC03,"{datetime.datetime(2025, 10, 30, 0, 0): 430, datetime.datetime(2025, 10, 31, 0, 0): 20}",1
GC04,CN-SNDFJ0CJ,772ALCD,1199593-10,Y8470815R,2025-10-30,450.0,0,GC03,"{datetime.datetime(2025, 10, 31, 0, 0): 450}",1
GC04,CN-SNDFJ0CJ,772ALCD,1199593-20,Y8470815R,2025-10-30,450.0,0,GC03,"{datetime.datetime(2025, 10, 31, 0, 0): 450}",1
GC04,BMS-BOX GEN3.0,HV-MODULE集合,1199379-10,Y8470783R,2025-11-04,10.0,0,GT06,"{datetime.datetime(2025, 11, 4, 0, 0): 10}",1
GC04,BMS-BOX GEN3.0,BMS,1199378-10,Y8470781R,2025-11-04,10.0,0,GT06,"{datetime.datetime(2025, 11, 4, 0, 0): 10}",1
GC04,BMS-BOX GEN3.0,BMS,1199378-20,Y8470781R,2025-11-04,10.0,0,GT06,"{datetime.datetime(2025, 11, 4, 0, 0): 10}",1
GC04,CN-SNDFJ0CJ,772ALCD,1199594-10,Y8470815R,2025-10-30,450.0,0,GC03,"{datetime.datetime(2025, 11, 4, 0, 0): 400, datetime.datetime(2025, 11, 5, 0, 0): 50}",1
GC04,CN-SNDFJ0CJ,772ALCD,1199595-10,Y8470815R,2025-10-30,450.0,0,GC03,"{datetime.datetime(2025, 11, 5, 0, 0): 450}",1
GC04,BMS-BOX GEN3.0,HV-MODULE集合,1199384-10,Y8470783R,2025-11-04,246.0,0,GT06,"{datetime.datetime(2025, 11, 5, 0, 0): 246}",1
GC04,BMS-BOX GEN3.0,BMS,1199383-10,Y8470781R,2025-11-04,246.0,0,GT06,"{datetime.datetime(2025, 11, 5, 0, 0): 232, datetime.datetime(2025, 11, 6, 0, 0): 14}",1
GC04,BMS-BOX GEN3.0,BMS,1199383-20,Y8470781R,2025-11-04,246.0,0,GT06,"{datetime.datetime(2025, 11, 6, 0, 0): 246}",1
GC04,CN-SNDFJ0CJ,772ALCD,1199596-10,Y8470815R,2025-11-05,450.0,0,GC03,"{datetime.datetime(2025, 11, 6, 0, 0): 80, datetime.datetime(2025, 11, 7, 0, 0): 370}",1
GC04,CN-SNDFJ0CJ,772ALCD,1199596-20,Y8470815R,2025-11-05,450.0,0,GC03,"{datetime.datetime(2025, 11, 7, 0, 0): 450}",1
GC04,NS-2236,MAIN,1199035-10,Y8469581R,2025-11-05,50.0,0,GC16,"{datetime.datetime(2025, 11, 7, 0, 0): 50}",1
GC04,NS-2236,MAIN,1199035-20,Y8469581R,2025-11-05,50.0,0,GC16,"{datetime.datetime(2025, 11, 7, 0, 0): 50}",1
GC04,CN-SNDFJ0CJ,772ALCD,1199597-10,Y8470815R,2025-11-05,450.0,0,GC03,"{datetime.datetime(2025, 11, 10, 0, 0): 450}",1
GC04,CN-SNDFJ0CJ,772ALCD,1199597-20,Y8470815R,2025-11-05,450.0,0,GC03,"{datetime.datetime(2025, 11, 10, 0, 0): 450}",1
GC04,CN-SNDFJ0CJ,772ALCD,1199594-20,Y8470815R,2025-10-30,450.0,0,GC03,"{datetime.datetime(2025, 10, 30, 0, 0): 450}",1
GC04,CN-SNDFJ0CJ,772ALCD,1199595-20,Y8470815R,2025-10-30,450.0,0,GC03,"{datetime.datetime(2025, 10, 30, 0, 0): 450}",1
GC04,CN-SNDFJ0CJ,772ALCD,1199281-10,Y8470815R,2025-11-07,450.0,0,GC03,"{datetime.datetime(2025, 10, 27, 0, 0): 2}",1
GC04,CN-SNDFJ0CJ,772ALCD,1199281-20,Y8470815R,2025-11-07,2.0,0,GC03,"{datetime.datetime(2025, 10, 27, 0, 0): 2}",1
GC04,BMS-BOX GEN3.0,BMS,-10,Y8470781R,2025-12-03,246.0,0,GT06,"{datetime.datetime(2025, 10, 28, 0, 0): 320}",1
GC04,BMS-BOX GEN3.0,BMS,-20,Y8470781R,2025-12-03,320.0,0,GT06,"{datetime.datetime(2025, 10, 28, 0, 0): 320}",1
GC04,BMSBOX-ﾁｭｳｹｲﾕﾆｯﾄ TB 2,BMS,1184135-10,Y8470781R,2024-03-04,256.0,0,GT06,"{datetime.datetime(2025, 10, 28, 0, 0): 164}",1
GC04,BMSBOX-ﾁｭｳｹｲﾕﾆｯﾄ TB 2,HV-MODULE集合,1184136-10,Y8470715R,2024-03-04,164.0,0,GT06,"{datetime.datetime(2025, 10, 28, 0, 0): 164}",1
GC04,BMSBOX-ﾁｭｳｹｲﾕﾆｯﾄ TB 2,BMS,1184136-20,Y8470713R,2024-03-04,164.0,0,GT06,"{datetime.datetime(2025, 10, 28, 0, 0): 164}",1
GC04,APRESIA12000-48GX-PSR REV.B,MAIN,1192501-10,Y8469443M,2025-02-04,20.0,0,GC01,"{datetime.datetime(2025, 10, 30, 0, 0): 16}",1
GC04,APRESIA12000-48GX-PSR REV.B,MAIN集合,1192501-20,Y8470698M,2025-02-04,16.0,0,GC01,"{datetime.datetime(2025, 10, 30, 0, 0): 16}",1
GC04,APRESIA12100-48GX-PSR,MAIN集合,1194939-10,Y8470528M,2025-05-13,50.0,0,GT10,"{datetime.datetime(2025, 10, 28, 0, 0): 75}",1
GC04,APRESIA12100-48GX-PSR,MAIN集合,1194939-20,Y8470528M,2025-05-13,75.0,0,GT10,"{datetime.datetime(2025, 10, 28, 0, 0): 75}",1
GC04,APRESIA12100-48X-PSR REV.B,MAIN集合,1191041-10,Y8470530M,2024-11-15,160.0,0,GT10,"{datetime.datetime(2025, 10, 28, 0, 0): 1}",1
GC04,APRESIA12100-48X-PSR REV.B,MAIN集合,1191041-20,Y8470690M,2024-11-15,1.0,0,GT10,"{datetime.datetime(2025, 10, 28, 0, 0): 1}",1
GC04,APRESIA13200-48X-PSR3,MAIN集合,1198243-10,Y8470690M,2025-10-02,1.0,0,GC01,"{datetime.datetime(2025, 10, 28, 0, 0): 52}",1
GC04,APRESIA13200-48X-PSR3,MAIN集合,1198243-20,Y8470686M,2025-10-02,52.0,0,GC01,"{datetime.datetime(2025, 10, 28, 0, 0): 52}",1
GC04,APRESIA13200-52GT REV.B,MAIN集合,1191510-10,Y8470686M,2024-12-03,52.0,0,GC01,"{datetime.datetime(2025, 10, 28, 0, 0): 1}",1
GC04,APRESIA13200-52GT REV.B,MAIN,1191510-20,Y8469454M,2024-12-03,1.0,0,GC01,"{datetime.datetime(2025, 10, 28, 0, 0): 1}",1
GC04,APRESIA13200-52GT-PSR2,MAIN,1183696-10,Y8469454M,2024-08-09,1.0,0,GC01,"{datetime.datetime(2025, 10, 28, 0, 0): 100}",1
GC04,APRESIA13200-52GT-PSR2,MAIN集合,1183696-20,Y8470526M,2024-08-09,100.0,0,GC01,"{datetime.datetime(2025, 10, 28, 0, 0): 100}",1
GC04,APRESIA3424GT-SS2,MAIN集合,1187120-10,Y8470526M,2024-08-20,100.0,0,GC01,"{datetime.datetime(2025, 10, 28, 0, 0): 9}",1
GC04,APRESIA3424GT-SS2,MAIN集合,1187120-20,Y8470517M,2024-08-20,9.0,0,GC01,"{datetime.datetime(2025, 10, 28, 0, 0): 9}",1
GC04,APRESIA3424GT-POE-K-DC24V,MAIN集合,1198550-10,Y8470517M,2025-11-20,9.0,0,GC01,"{datetime.datetime(2025, 10, 28, 0, 0): 6}",1
GC04,APRESIA3424GT-POE-K-DC24V,MAIN,1198550-20,Y8469165M,2025-11-20,6.0,0,GC01,"{datetime.datetime(2025, 10, 28, 0, 0): 6}",1
GC04,APRESIA3424GT-POE-K-DC24V,MAIN,1198552-10,Y8469165M,2025-11-20,6.0,0,GC01,"{datetime.datetime(2025, 10, 28, 0, 0): 6}",4
GC04,APRESIA3424GT-POE-K,DC集合,1198564-10,Y8469167R,2025-11-28,6.0,0,GC01,"{datetime.datetime(2025, 10, 28, 0, 0): 30}",1
GC04,APRESIA3424GT-POE-K,MAIN,1198564-20,Y8469147M,2025-11-28,30.0,0,GC01,"{datetime.datetime(2025, 10, 28, 0, 0): 30}",1
GC04,APRESIA3424GT-POE-K-DC110V,MAIN,1198543-10,Y8469147M,2025-11-20,36.0,0,GC01,"{datetime.datetime(2025, 10, 28, 0, 0): 4}",1
GC04,APRESIA3424GT-POE-K-DC110V,MAIN,1198543-20,Y8469171M,2025-11-20,4.0,0,GC01,"{datetime.datetime(2025, 10, 28, 0, 0): 4}",1
GC04,APRESIA3424GT-POE-K-DC110V,MAIN,1198545-10,Y8469171M,2025-11-20,4.0,0,GC01,"{datetime.datetime(2025, 10, 28, 0, 0): 4}",1
GC04,APRESIA3424GT-POE-K-DC110V,DC,1198557-10,Y8469173R,2025-11-20,4.0,0,GC01,"{datetime.datetime(2025, 10, 28, 0, 0): 24}",1
GC04,APRESIA3424GT-POE-K-DC110V,MAIN,1198557-20,Y8469171M,2025-11-20,24.0,0,GC01,"{datetime.datetime(2025, 10, 28, 0, 0): 24}",1
GC04,APRESIA3424GT-POE-K-DC110V,MAIN,1198559-10,Y8469171M,2025-11-20,24.0,0,GC01,"{datetime.datetime(2025, 10, 28, 0, 0): 24}",1
GC04,APRESIA3424GT-POE-K-DC110V,DC,1198569-10,Y8469173R,2025-12-03,24.0,0,GC01,"{datetime.datetime(2025, 10, 28, 0, 0): 36}",1
GC04,APRESIA3424GT-POE-K-DC110V,MAIN,1198569-20,Y8469171M,2025-12-03,36.0,0,GC01,"{datetime.datetime(2025, 10, 28, 0, 0): 36}",1
GC04,APRESIA3424GT-POE-K-DC110V,MAIN,1198571-10,Y8469171M,2025-12-03,36.0,0,GC01,"{datetime.datetime(2025, 10, 28, 0, 0): 36}",1
GC04,GMC-2001,DC,1197025-10,Y8469170R,2025-09-04,15.0,0,GC01,"{datetime.datetime(2025, 10, 28, 0, 0): 69}",3
GC04,GMC-2001,MAIN集合,1197025-20,Y8468908M,2025-09-04,69.0,0,GC01,"{datetime.datetime(2025, 10, 28, 0, 0): 69}",3
GC04,GMC-2001,MAIN集合,1198250-10,Y8468908M,2025-10-15,69.0,0,GC01,"{datetime.datetime(2025, 10, 28, 0, 0): 48}",3
GC04,GMC-2001,MAIN集合,1198250-20,Y8468908M,2025-10-15,48.0,0,GC01,"{datetime.datetime(2025, 10, 28, 0, 0): 48}",3
GC04,GMC-2001-DC48V,MAIN集合,1193508-10,Y8468908M,2025-04-04,48.0,0,GC01,"{datetime.datetime(2025, 10, 28, 0, 0): 23}",3
GC04,GMC-2001-DC48V,MAIN集合,1193508-20,Y8468977M,2025-04-04,23.0,0,GC01,"{datetime.datetime(2025, 10, 28, 0, 0): 23}",3
GC04,GMC-2101,MAIN集合,1198247-10,Y8468977M,2025-10-09,23.0,0,GC01,"{datetime.datetime(2025, 10, 28, 0, 0): 24}",6
GC04,GMC-2101,MAIN集合,1198247-20,Y8469149M,2025-10-09,24.0,0,GC01,"{datetime.datetime(2025, 10, 28, 0, 0): 24}",6
GC04,GMC-2101-DC48V,MAIN集合,1192765-10,Y8469149M,2025-03-05,44.0,0,GC01,"{datetime.datetime(2025, 10, 28, 0, 0): 30}",3
GC04,GMC-2101-DC48V,MAIN集合,1192765-20,Y8469150M,2025-03-05,30.0,0,GC01,"{datetime.datetime(2025, 10, 28, 0, 0): 30}",3
GC04,GMC-2101-DC48V/ALM,MAIN集合,1198254-10,Y8469446M,2025-10-23,9.0,0,GC01,"{datetime.datetime(2025, 10, 28, 0, 0): 12}",6
GC04,X2L-G2001,MAIN集合,1198259-10,Y8469151M,2025-12-02,,0,GC01,"{datetime.datetime(2025, 10, 28, 0, 0): 9}",3
GC04,X2L-G2001,MAIN集合,1198259-20,Y8468910M,2025-12-02,9.0,0,GC01,"{datetime.datetime(2025, 10, 28, 0, 0): 9}",3
GC04,XGMC-2101X-DC48V/PSR(N),SUB集合,1198608-10,Y8470368R,2025-10-15,30.0,0,GC01,"{datetime.datetime(2025, 10, 30, 0, 0): 2}",2
GC04,XGMC-2101X-DC48V/PSR(N),MAIN集合,1198608-20,Y8470622M,2025-10-15,2.0,0,GC01,"{datetime.datetime(2025, 10, 30, 0, 0): 2}",2
GC04,XGMC-2101X-DC48V/PSR(N),MAIN集合,1198613-10,Y8470622M,2025-10-15,2.0,0,GC01,"{datetime.datetime(2025, 10, 30, 0, 0): 48}",2
GC04,XGMC-2101X-DC48V/PSR(N),MAIN集合,1198613-20,Y8470622M,2025-10-15,48.0,0,GC01,"{datetime.datetime(2025, 10, 30, 0, 0): 48}",2
GC04,XGMC-2101X-PSR,MAIN集合,1194927-10,Y8470622M,2025-05-26,48.0,0,GC01,"{datetime.datetime(2025, 10, 27, 0, 0): 20}",2
GC04,XGMC-2101X-PSR,MAIN集合,1194927-20,Y8470236M,2025-05-26,20.0,0,GC01,"{datetime.datetime(2025, 10, 27, 0, 0): 20}",2
GC04,XGMC-2101X-PSR(N),MAIN集合,1191020-10,Y8470236M,2025-01-09,20.0,0,GC01,"{datetime.datetime(2025, 10, 27, 0, 0): 70}",2
GC04,XGMC-2101X-PSR(N),MAIN集合,1191020-20,Y8470620M,2025-01-09,70.0,0,GC01,"{datetime.datetime(2025, 10, 27, 0, 0): 70}",2
GC04,XGMC-2101X-PSR(N),MAIN集合,1191024-10,Y8470620M,2025-01-10,70.0,0,GC01,"{datetime.datetime(2025, 10, 27, 0, 0): 5}",2
GC04,XGMC-2101X-PSR(N),MAIN集合,1191024-20,Y8470620M,2025-01-10,5.0,0,GC01,"{datetime.datetime(2025, 10, 27, 0, 0): 5}",2
GC04,XGML-2101LDW,MAIN集合,1195290-10,Y8470620M,2025-06-04,5.0,0,GC01,"{datetime.datetime(2025, 10, 27, 0, 0): 20}",2
GC04,XGML-2101LDW,MAIN集合,1195290-20,Y8470362M,2025-06-04,20.0,0,GC01,"{datetime.datetime(2025, 10, 27, 0, 0): 20}",2
GC04,XGML-2101LDW,MAIN集合,1195292-10,Y8470362M,2025-06-04,20.0,0,GC01,"{datetime.datetime(2025, 10, 27, 0, 0): 20}",2
GC04,XGML-2101LDW,SUB集合,1195292-20,Y8470364R,2025-06-04,20.0,0,GC01,"{datetime.datetime(2025, 10, 27, 0, 0): 20}",2
GC04,ST-9A0/2,MAIN集合,1170403-10,Y8470240M,2022-12-21,60.0,0,GT26,"{datetime.datetime(2025, 10, 26, 0, 0): 2}",2
GC04,ST-9A0/2,MO集合,1170403-20,Y8469456R,2022-12-21,150.0,0,GT26,"{datetime.datetime(2025, 10, 26, 0, 0): 2}",2
GC04,ST-5A0/2,MO集合,1184257-10,Y8469456R,2024-05-09,645.0,0,GT26,"{datetime.datetime(2025, 10, 27, 0, 0): 400}",2
GC04,ST-5A0/2,MO集合,1184257-20,Y8469458R,2024-05-09,400.0,0,GT26,"{datetime.datetime(2025, 10, 27, 0, 0): 400}",2
GC04,XC-M1,MO集合,1184556-10,Y8469458R,2024-03-18,400.0,0,GC14,"{datetime.datetime(2025, 10, 27, 0, 0): 200}",2
GC04,XC-M1,MO集合,1185802-10,Y8470326R,2024-04-24,200.0,0,GC14,"{datetime.datetime(2025, 10, 27, 0, 0): 202}",2
GC04,T-K6064,MO集合,1180448-10,Y8470326R,2023-11-02,202.0,0,GC15,"{datetime.datetime(2025, 10, 27, 0, 0): 500}",6
GC04,T-K6064,MAIN集合,1180448-20,Y8470043R,2023-11-02,500.0,0,GC15,"{datetime.datetime(2025, 10, 27, 0, 0): 500}",6
GC04,MERCURY1,MAIN集合,1186545-10,Y8470043R,2024-06-05,500.0,0,GT29,"{datetime.datetime(2025, 10, 27, 0, 0): 50}",1
GC04,MERCURY1,MAIN,1186545-20,Y8469288R,2024-06-05,50.0,0,GT29,"{datetime.datetime(2025, 10, 27, 0, 0): 50}",1
GC04,MERCURY1,MAIN,1186920-10,Y8469288R,2024-07-03,50.0,0,GT29,"{datetime.datetime(2025, 10, 27, 0, 0): 50}",1
GC04,MERCURY1,MAIN,1186920-20,Y8469288R,2024-07-03,50.0,0,GT29,"{datetime.datetime(2025, 10, 27, 0, 0): 50}",1
GC05,CN-SNDFJ0CJ,771ANAVI,1199046-10,Y8470813R,2025-10-24,3.0,0,GC03,"{datetime.datetime(2025, 10, 24, 0, 0): 3}",1
GC05,CN-SNDFJ0CJ,771ANAVI,1199047-10,Y8470813R,2025-10-24,6.0,0,GC03,"{datetime.datetime(2025, 10, 24, 0, 0): 6}",1
GC05,CN-SNDFJ0CJ,771ANAVI,1199496-10,Y8470813R,2025-10-24,400.0,0,GC03,"{datetime.datetime(2025, 10, 24, 0, 0): 400}",1
GC05,CN-SNDFJ0CJ,771ANAVI,1199497-10,Y8470813R,2025-10-24,400.0,0,GC03,"{datetime.datetime(2025, 10, 24, 0, 0): 100, datetime.datetime(2025, 10, 27, 0, 0): 300}",1
GC05,CN-SBDFJ0CJ,771BNAVI,1199048-10,Y8470817R,2025-10-27,6.0,0,GC03,"{datetime.datetime(2025, 10, 27, 0, 0): 6}",1
GC05,CN-SBDFJ0CJ,771BNAVI,1199500-10,Y8470817R,2025-10-27,200.0,0,GC03,"{datetime.datetime(2025, 10, 27, 0, 0): 145, datetime.datetime(2025, 10, 28, 0, 0): 55}",1
GC05,CN-SBDFJ0CJ,771BNAVI,1199501-10,Y8470817R,2025-10-27,370.0,0,GC03,"{datetime.datetime(2025, 10, 28, 0, 0): 370}",1
GC05,FH1682B0F,MAIN集合,1199054-10,Y8469888RA,2025-10-27,180.0,0,GC20,"{datetime.datetime(2025, 10, 28, 0, 0): 110, datetime.datetime(2025, 10, 29, 0, 0): 70}",2
GC05,FH1682B0F,MAIN集合,1199054-20,Y8469888RA,2025-10-27,180.0,0,GC20,"{datetime.datetime(2025, 10, 29, 0, 0): 180}",2
GC05,CN-SNDFJ0CJ,771ANAVI,1199498-10,Y8470813R,2025-10-24,80.0,0,GC03,"{datetime.datetime(2025, 10, 29, 0, 0): 80}",1
GC05,CN-SNDFJ0CJ,771ANAVI,1199499-10,Y8470813R,2025-10-29,450.0,0,GC03,"{datetime.datetime(2025, 10, 29, 0, 0): 170, datetime.datetime(2025, 10, 30, 0, 0): 280}",1
GC05,CN-SNDFJ0CJ,771ANAVI,1199140-10,Y8470813R,2025-10-30,6.0,0,GC03,"{datetime.datetime(2025, 10, 30, 0, 0): 6}",1
GC05,CN-SNDFJ0CJ,771ANAVI,1199588-10,Y8470813R,2025-10-30,450.0,0,GC03,"{datetime.datetime(2025, 10, 30, 0, 0): 225, datetime.datetime(2025, 10, 31, 0, 0): 225}",1
GC05,CN-SNDFJ0CJ,771ANAVI,1199589-10,Y8470813R,2025-10-30,450.0,0,GC03,"{datetime.datetime(2025, 10, 31, 0, 0): 450}",1
GC05,CN-SNDFJ0CJ,771ANAVI,1199590-10,Y8470813R,2025-10-30,450.0,0,GC03,"{datetime.datetime(2025, 11, 4, 0, 0): 450}",1
GC05,CN-SNDFJ0CJ,771ANAVI,1199144-10,Y8470813R,2025-11-05,1.0,0,GC03,"{datetime.datetime(2025, 11, 5, 0, 0): 1}",1
GC05,CN-SNDFJ0CJ,771ANAVI,1199591-10,Y8470813R,2025-11-05,450.0,0,GC03,"{datetime.datetime(2025, 11, 5, 0, 0): 450}",1
GC05,CN-SNDFJ0CJ,771ANAVI,1199592-10,Y8470813R,2025-11-05,450.0,0,GC03,"{datetime.datetime(2025, 11, 5, 0, 0): 60, datetime.datetime(2025, 11, 6, 0, 0): 390}",1
GC05,CN-SBDFJ0CJ,771BNAVI,1199142-10,Y8470817R,2025-11-04,4.0,0,GC03,"{datetime.datetime(2025, 11, 6, 0, 0): 4}",1
GC05,FH1622A0F,MAIN,1199312-10,Y8469892R,2025-11-05,170.0,0,GC20,"{datetime.datetime(2025, 11, 6, 0, 0): 10, datetime.datetime(2025, 11, 7, 0, 0): 160}",1
GC05,CN-SNDFJ0CJ,771BNAVI,1199140-20,Y8470817R,2025-10-30,4.0,0,GC03,"{datetime.datetime(2025, 10, 30, 0, 0): 6}",1
GC05,CN-SNDFJ0CJ,771ANAVI,1199588-20,Y8470813R,2025-10-30,6.0,0,GC03,"{datetime.datetime(2025, 10, 30, 0, 0): 450}",1
GC05,CN-SNDFJ0CJ,771ANAVI,1199589-20,Y8470813R,2025-10-30,450.0,0,GC03,"{datetime.datetime(2025, 10, 30, 0, 0): 450}",1
GC05,CN-SNDFJ0CJ,771ANAVI,1199590-20,Y8470813R,2025-10-30,450.0,0,GC03,"{datetime.datetime(2025, 10, 30, 0, 0): 450}",1
GC05,CN-SNDFJ0CJ,771ANAVI,1199144-20,Y8470813R,2025-11-05,450.0,0,GC03,"{datetime.datetime(2025, 11, 5, 0, 0): 1}",1
GC05,CN-SNDFJ0CJ,771ANAVI,1199591-20,Y8470813R,2025-11-05,1.0,0,GC03,"{datetime.datetime(2025, 11, 5, 0, 0): 450}",1
GC05,CN-SNDFJ0CJ,771ANAVI,1199592-20,Y8470813R,2025-11-05,450.0,0,GC03,"{datetime.datetime(2025, 11, 5, 0, 0): 450}",1
GC05,CN-SBDFJ0CJ,771ANAVI,1199142-20,Y8470813R,2025-11-04,450.0,0,GC03,"{datetime.datetime(2025, 11, 7, 0, 0): 4}",1
GC05,CN-SNDDJ0CJ,771BNAVI,1199211-10,Y8470817R,2025-10-20,4.0,0,GC03,"{datetime.datetime(2025, 10, 29, 0, 0): 67}",1
GC05,CN-SNDDJ0CJ,411CNAVI,1199211-20,Y8470722R,2025-10-20,67.0,0,GC03,"{datetime.datetime(2025, 10, 29, 0, 0): 67}",1
GC05,CN-SNDFJ0CJ,411CNAVI,1199045-10,Y8470722R,2025-10-24,67.0,0,GC03,"{datetime.datetime(2025, 10, 29, 0, 0): 1}",1
GC05,CN-SNDFJ0CJ,771BNAVI,1199045-20,Y8470817R,2025-10-24,6.0,0,GC03,"{datetime.datetime(2025, 10, 29, 0, 0): 1}",1
GC05,CN-SNDFJ0CJ,771ANAVI,1199046-20,Y8470813R,2025-10-24,1.0,0,GC03,"{datetime.datetime(2025, 10, 29, 0, 0): 3}",1
GC05,CN-SNDFJ0CJ,771ANAVI,1199047-20,Y8470813R,2025-10-24,3.0,0,GC03,"{datetime.datetime(2025, 10, 29, 0, 0): 6}",1
GC05,CN-SBDFJ0CJ,771ANAVI,1199048-20,Y8470813R,2025-10-27,6.0,0,GC03,"{datetime.datetime(2025, 10, 29, 0, 0): 6}",1
GC05,CN-SNDDJ0CJ,771ANAVI,1199615-10,Y8470813R,2025-10-31,6.0,0,GC03,"{datetime.datetime(2025, 10, 29, 0, 0): 15}",1
GC05,CN-SNDDJ0CJ,411CNAVI,1199615-20,Y8470722R,2025-10-31,15.0,0,GC03,"{datetime.datetime(2025, 10, 29, 0, 0): 15}",1
GC05,CN-SNDFJ0CJ,771ANAVI,1199471-10,Y8470813R,2025-11-17,1.0,0,GC03,"{datetime.datetime(2025, 10, 29, 0, 0): 7}",1
GC05,CN-SNDFJ0CJ,771ANAVI,1199471-20,Y8470813R,2025-11-17,7.0,0,GC03,"{datetime.datetime(2025, 10, 29, 0, 0): 7}",1
GC05,FH1212C0F,771ANAVI,-10,Y8470813R,2025-11-28,7.0,0,GC20,"{datetime.datetime(2025, 10, 29, 0, 0): 100}",2
GC05,FH1212C0F,MAIN集合,-20,Y8469909R,2025-11-28,100.0,0,GC20,"{datetime.datetime(2025, 10, 29, 0, 0): 100}",2
GC05,FH1622A0F,MAIN集合,1198898-10,Y8469909R,2025-10-09,140.0,0,GC20,"{datetime.datetime(2025, 10, 29, 0, 0): 260}",1
GC06,CN-SNDFJ0CJ,770AMAIN,1199490-10,Y8470811R,2025-10-24,400.0,0,GC03,"{datetime.datetime(2025, 10, 24, 0, 0): 400}",1
GC06,CN-SNDFJ0CJ,770AMAIN,1199491-10,Y8470811R,2025-10-24,400.0,0,GC03,"{datetime.datetime(2025, 10, 24, 0, 0): 200, datetime.datetime(2025, 10, 27, 0, 0): 200}",1
GC06,CN-SNDFJ0CJ,770AMAIN,1199492-10,Y8470811R,2025-10-24,200.0,0,GC03,"{datetime.datetime(2025, 10, 27, 0, 0): 200}",1
GC06,CN-SNDFJ0CJ,770AMAIN,1199493-10,Y8470811R,2025-10-24,370.0,0,GC03,"{datetime.datetime(2025, 10, 27, 0, 0): 175, datetime.datetime(2025, 10, 28, 0, 0): 195}",1
GC06,CN-SNDFJ0CJ,770AMAIN,1199494-10,Y8470811R,2025-10-24,80.0,0,GC03,"{datetime.datetime(2025, 10, 28, 0, 0): 80}",1
GC06,CN-SNDFJ0CJ,770AMAIN,1199495-10,Y8470811R,2025-10-29,450.0,0,GC03,"{datetime.datetime(2025, 10, 29, 0, 0): 450}",1
GC06,CN-SNDFJ0CJ,770AMAIN,1199583-10,Y8470811R,2025-10-30,450.0,0,GC03,"{datetime.datetime(2025, 10, 30, 0, 0): 450}",1
GC06,CN-SNDFJ0CJ,770AMAIN,1199584-10,Y8470811R,2025-10-30,450.0,0,GC03,"{datetime.datetime(2025, 10, 30, 0, 0): 125, datetime.datetime(2025, 10, 31, 0, 0): 325}",1
GC06,CN-SNDFJ0CJ,770AMAIN,1199585-10,Y8470811R,2025-10-30,450.0,0,GC03,"{datetime.datetime(2025, 10, 31, 0, 0): 450}",1
GC06,SP-300_MCU_FRONT,SW集合,1199263-10,Y8470800R,2025-11-04,10.0,0,GT19,"{datetime.datetime(2025, 10, 31, 0, 0): 10}",5
GC06,SP-300_MCU_FRONT,SW集合,1199263-20,Y8470800R,2025-11-04,10.0,0,GT19,"{datetime.datetime(2025, 10, 31, 0, 0): 10}",5
GC06,SP-300_MCU_CHASSIS,SEG集合,1199254-10,Y8470792R,2025-11-04,10.0,0,GT19,"{datetime.datetime(2025, 10, 31, 0, 0): 10}",5
GC06,SP-300_MCU_CHASSIS,SEG集合,1199254-20,Y8470792R,2025-11-04,10.0,0,GT19,"{datetime.datetime(2025, 10, 31, 0, 0): 10}",5
GC06,SP-300_MCU_CHASSIS,LED集合,1199256-10,Y8470794R,2025-11-04,10.0,0,GT19,"{datetime.datetime(2025, 11, 4, 0, 0): 10}",5
GC06,SP-300_MCU_CHASSIS,LED集合,1199256-20,Y8470794R,2025-11-04,10.0,0,GT19,"{datetime.datetime(2025, 11, 4, 0, 0): 10}",5
GC06,SP-300_MCU_CHASSIS,DGW集合,1199247-10,Y8470786R,2025-11-04,10.0,0,GT19,"{datetime.datetime(2025, 11, 4, 0, 0): 10}",2
GC06,SP-300_MCU_CHASSIS,DGW集合,1199247-20,Y8470786R,2025-11-04,10.0,0,GT19,"{datetime.datetime(2025, 11, 4, 0, 0): 10}",2
GC06,SP-300_MCU_CHASSIS,SEN集合,1199251-10,Y8470790R,2025-11-04,10.0,0,GT19,"{datetime.datetime(2025, 11, 4, 0, 0): 10}",2
GC06,SP-300_MCU_CHASSIS,SEN集合,1199001-10,Y8470790R,2025-11-04,2.0,0,GT19,"{datetime.datetime(2025, 11, 4, 0, 0): 2}",2
GC06,SP-300_MCU_CHASSIS,SEN集合,1199251-20,Y8470790R,2025-11-04,10.0,0,GT19,"{datetime.datetime(2025, 11, 4, 0, 0): 10}",2
GC06,SP-300_MCU_CHASSIS,SEN集合,1199001-20,Y8470790R,2025-11-04,2.0,0,GT19,"{datetime.datetime(2025, 11, 4, 0, 0): 2}",2
GC06,SP-300_MCU_FRONT,EN集合,1199265-10,Y8470802R,2025-11-04,10.0,0,GT19,"{datetime.datetime(2025, 11, 4, 0, 0): 10}",10
GC06,SP-300_MCU_FRONT,MA集合,1199259-10,Y8470796R,2025-11-04,10.0,0,GT19,"{datetime.datetime(2025, 11, 4, 0, 0): 10}",2
GC06,SP-300_MCU_FRONT,MA集合,1199259-20,Y8470796R,2025-11-04,10.0,0,GT19,"{datetime.datetime(2025, 11, 4, 0, 0): 10}",2
GC06,SP-300_MCU_FRONT,SB集合,1199261-10,Y8470798R,2025-11-04,10.0,0,GT19,"{datetime.datetime(2025, 11, 4, 0, 0): 10}",2
GC06,SP-300_MCU_FRONT,SB集合,1199261-20,Y8470798R,2025-11-04,10.0,0,GT19,"{datetime.datetime(2025, 11, 4, 0, 0): 10}",2
GC06,SP-300_MCU_CHASSIS,MO集合,1199245-10,Y8470784R,2025-11-04,10.0,0,GT19,"{datetime.datetime(2025, 11, 4, 0, 0): 10}",2
GC06,SP-300_MCU_CHASSIS,MO集合,1199245-20,Y8470784R,2025-11-04,10.0,0,GT19,"{datetime.datetime(2025, 11, 4, 0, 0): 10}",2
GC06,SP-300_MCU_CHASSIS,PO集合,1199249-10,Y8470788R,2025-11-04,10.0,0,GT19,"{datetime.datetime(2025, 11, 4, 0, 0): 10}",2
GC06,SP-300_MCU_CHASSIS,PO集合,1199249-20,Y8470788R,2025-11-04,10.0,0,GT19,"{datetime.datetime(2025, 11, 4, 0, 0): 10}",2
GC06,CAM-009,CAM-009集合,1199229-10,Y8470133R,2025-11-04,1200.0,0,GC12,"{datetime.datetime(2025, 11, 4, 0, 0): 600, datetime.datetime(2025, 11, 5, 0, 0): 600}",8
GC06,CN-SNDFJ0CJ,770AMAIN,1199586-10,Y8470811R,2025-11-05,450.0,0,GC03,"{datetime.datetime(2025, 11, 5, 0, 0): 450}",1
GC06,CN-SNDFJ0CJ,770AMAIN,1199587-10,Y8470811R,2025-11-05,450.0,0,GC03,"{datetime.datetime(2025, 11, 6, 0, 0): 450}",1
GC06,NXR-G240,KUMQUAT MAIN,1199031-10,Y8470171R,2025-11-05,100.0,0,GT05,"{datetime.datetime(2025, 11, 6, 0, 0): 100}",1
GC06,NXR-G240,KUMQUAT MAIN,1199031-20,Y8470171R,2025-11-05,100.0,0,GT05,"{datetime.datetime(2025, 11, 6, 0, 0): 60, datetime.datetime(2025, 11, 7, 0, 0): 40}",1
GC06,NXR-G260,LOQUAT MAIN,1199292-10,Y8470180R,2025-11-07,130.0,0,GT05,"{datetime.datetime(2025, 11, 7, 0, 0): 130}",1
GC06,NXR-G260,LOQUAT MAIN,1199292-20,Y8470180R,2025-11-07,130.0,0,GT05,"{datetime.datetime(2025, 11, 10, 0, 0): 130}",1
GC06,CN-SNDFJ0CJ,770AMAIN,1199583-20,Y8470811R,2025-10-30,450.0,0,GC03,"{datetime.datetime(2025, 10, 30, 0, 0): 450}",1
GC06,CN-SNDFJ0CJ,770AMAIN,1199584-20,Y8470811R,2025-10-30,450.0,0,GC03,"{datetime.datetime(2025, 10, 30, 0, 0): 450}",1
GC06,CN-SNDFJ0CJ,770AMAIN,1199585-20,Y8470811R,2025-10-30,450.0,0,GC03,"{datetime.datetime(2025, 10, 30, 0, 0): 450}",1
GC06,CN-SNDFJ0CJ,770AMAIN,1199586-20,Y8470811R,2025-11-05,450.0,0,GC03,"{datetime.datetime(2025, 11, 5, 0, 0): 450}",1
GC06,CN-SNDFJ0CJ,770AMAIN,1199587-20,Y8470811R,2025-11-05,450.0,0,GC03,"{datetime.datetime(2025, 11, 5, 0, 0): 450}",1
GC06,CN-SNDDJ0CJ,770AMAIN,1197959-10,Y8470811R,2025-09-05,450.0,0,GC03,"{datetime.datetime(2025, 10, 29, 0, 0): 6}",1
GC06,CN-SNDDJ0CJ,410BMAIN,1197959-20,Y8470720R,2025-09-05,6.0,0,GC03,"{datetime.datetime(2025, 10, 29, 0, 0): 6}",1
GC06,CN-SNDFJ0CJ,410BMAIN,1198623-10,Y8470720R,2025-10-09,6.0,0,GC03,"{datetime.datetime(2025, 10, 29, 0, 0): 3}",1
GC06,CN-SNDFJ0CJ,770AMAIN,1198623-20,Y8470811R,2025-10-09,3.0,0,GC03,"{datetime.datetime(2025, 10, 29, 0, 0): 3}",1
GC06,CN-SNDDJ0CJ,770AMAIN,1199113-10,Y8470811R,2025-10-09,3.0,0,GC03,"{datetime.datetime(2025, 10, 29, 0, 0): 4}",1
GC06,CN-SNDDJ0CJ,410BMAIN,1199113-20,Y8470720R,2025-10-09,4.0,0,GC03,"{datetime.datetime(2025, 10, 29, 0, 0): 4}",1
GC06,CN-SNDFJ0CJ,410BMAIN,1199143-10,Y8470720R,2025-11-07,4.0,0,GC03,"{datetime.datetime(2025, 10, 29, 0, 0): 1}",1
GC06,CN-SNDFJ0CJ,770AMAIN,1199143-20,Y8470811R,2025-11-07,1.0,0,GC03,"{datetime.datetime(2025, 10, 29, 0, 0): 1}",1
GC06,CN-SNDDJ0CJ,770AMAIN,,Y8470811R,2025-11-10,1.0,0,GC03,"{datetime.datetime(2025, 10, 29, 0, 0): 1}",1
GC06,CN-SNDDJ0CJ,410BMAIN,1199469-10,Y8470720R,2025-11-19,1.0,0,GC03,"{datetime.datetime(2025, 10, 29, 0, 0): 1}",1
GC06,CN-SNDDJ0CJ,410BMAIN,1199469-20,Y8470720R,2025-11-19,1.0,0,GC03,"{datetime.datetime(2025, 10, 29, 0, 0): 1}",1
GC06,NXR-G240,KUMQUAT MAIN,-10,Y8470171R,2025-12-02,100.0,0,GT05,"{datetime.datetime(2025, 10, 27, 0, 0): 100}",1
GC06,NXR-G240,KUMQUAT MAIN,-20,Y8470171R,2025-12-02,100.0,0,GT05,"{datetime.datetime(2025, 10, 27, 0, 0): 100}",1
GC06,NXR-G260/L,LOQUAT MAIN,1193505-10,Y8470180R,2025-04-17,130.0,0,GT05,"{datetime.datetime(2025, 10, 30, 0, 0): 70}",1
GC06,NXR-G260/L,LOQUAT MAIN,1193505-20,Y8470169R,2025-04-17,70.0,0,GT05,"{datetime.datetime(2025, 10, 30, 0, 0): 70}",1
GC06,CAM-009,LOQUAT MAIN,1198375-10,Y8470169R,2025-09-16,70.0,0,GC12,"{datetime.datetime(2025, 10, 27, 0, 0): 152}",8
GC06,CAM-009,CAM-009集合,1198377-10,Y8470133R,2025-09-22,152.0,0,GC12,"{datetime.datetime(2025, 10, 27, 0, 0): 160}",8
GC06,CAM-009,CAM-009集合,1198464-10,Y8470133R,2025-09-26,160.0,0,GC12,"{datetime.datetime(2025, 10, 27, 0, 0): 600}",8
GC06,CAM-009,CAM-009集合,1198501-10,Y8470133R,2025-10-06,600.0,0,GC12,"{datetime.datetime(2025, 10, 27, 0, 0): 600}",8
GC06,CAM-009,CAM-009集合,1198503-10,Y8470133R,2025-10-15,600.0,0,GC12,"{datetime.datetime(2025, 10, 27, 0, 0): 600}",8
GC06,CAM-009,CAM-009集合,1198505-10,Y8470133R,2025-10-21,600.0,0,GC12,"{datetime.datetime(2025, 10, 27, 0, 0): 600}",8
GC06,CAM-009,CAM-009集合,1198507-10,Y8470133R,2025-10-24,600.0,0,GC12,"{datetime.datetime(2025, 10, 27, 0, 0): 600}",8
GC06,CAM-009,CAM-009集合,1199227-10,Y8470133R,2025-10-29,600.0,0,GC12,"{datetime.datetime(2025, 10, 27, 0, 0): 1200}",8
GC06,CAM-009,CAM-009集合,1199231-10,Y8470133R,2025-11-17,1200.0,0,GC12,"{datetime.datetime(2025, 10, 27, 0, 0): 1200}",8
GC07,VCB-H3B7,VPR-126Z集合,1199145-20,Y8470705R,2025-10-23,3300.0,0,GT13,"{datetime.datetime(2025, 10, 24, 0, 0): 960, datetime.datetime(2025, 10, 27, 0, 0): 2340}",20
GC07,FH1230B2F,MAIN集合,1199118-10,Y8469901R,2025-10-27,240.0,0,GC18,"{datetime.datetime(2025, 10, 27, 0, 0): 240}",10
GC07,FH1230B2F,MAIN集合,1199118-20,Y8469901R,2025-10-27,240.0,0,GC18,"{datetime.datetime(2025, 10, 27, 0, 0): 240}",10
GC07,FH1412A0F,MAIN,1199130-10,Y8469928R,2025-10-27,10.0,0,GC18,"{datetime.datetime(2025, 10, 27, 0, 0): 10}",1
GC07,FH1412A0F,MAIN,1199130-20,Y8469928R,2025-10-27,10.0,0,GC18,"{datetime.datetime(2025, 10, 27, 0, 0): 10}",1
GC07,VCB-T2C4,DCP-122Z集合,1199224-10,Y8470730R,2025-10-30,180.0,0,GT13,"{datetime.datetime(2025, 10, 29, 0, 0): 180}",20
GC07,VCB-T5C4F,DCP-122Z集合,1199004-10,Y8470732R,2025-10-30,100.0,0,GT13,"{datetime.datetime(2025, 10, 29, 0, 0): 100}",20
GC07,VCB-T5C4F,DCP-122Z集合,1198855-10,Y8470732R,2025-10-30,2400.0,0,GT13,"{datetime.datetime(2025, 10, 29, 0, 0): 2400}",20
GC07,VCB-T5C4L,DCP-122Z集合,1198850-10,Y8470734R,2025-10-30,1800.0,0,GT13,"{datetime.datetime(2025, 10, 29, 0, 0): 1800}",20
GC07,VCB-T5C4L,DCP-122Z集合,1198851-10,Y8470734R,2025-10-30,2400.0,0,GT13,"{datetime.datetime(2025, 10, 29, 0, 0): 900, datetime.datetime(2025, 10, 30, 0, 0): 1500}",20
GC07,VCB-T2C4,DCP-122Z集合,1199224-20,Y8470730R,2025-10-30,180.0,0,GT13,"{datetime.datetime(2025, 10, 30, 0, 0): 180}",20
GC07,VCB-T5C4F,DCP-122Z集合,1199004-20,Y8470732R,2025-10-30,100.0,0,GT13,"{datetime.datetime(2025, 10, 30, 0, 0): 100}",20
GC07,VCB-T5C4F,DCP-122Z集合,1198855-20,Y8470732R,2025-10-30,2400.0,0,GT13,"{datetime.datetime(2025, 10, 30, 0, 0): 2400}",20
GC07,VCB-T5C4L,DCP-122Z集合,1198850-20,Y8470734R,2025-10-30,1800.0,0,GT13,"{datetime.datetime(2025, 10, 30, 0, 0): 300, datetime.datetime(2025, 10, 31, 0, 0): 1500}",20
GC07,VCB-T5C4L,DCP-122Z集合,1198851-20,Y8470734R,2025-10-30,2400.0,0,GT13,"{datetime.datetime(2025, 10, 31, 0, 0): 2400}",20
GC07,FH2338,FH2338集合,1199338-10,Y8470766R,2025-10-29,580.0,0,GC18,"{datetime.datetime(2025, 10, 31, 0, 0): 580}",4
GC07,FH1344,MAIN,1199486-10,Y8469926RA,2025-10-29,11.0,0,GC18,"{datetime.datetime(2025, 10, 31, 0, 0): 11}",1
GC07,FH1344,MAIN,1199486-20,Y8469926RA,2025-10-29,11.0,0,GC18,"{datetime.datetime(2025, 10, 31, 0, 0): 11}",1
GC07,FH1268A0F,MAIN集合,1199333-10,Y8469913R,2025-10-30,20.0,0,GC18,"{datetime.datetime(2025, 10, 31, 0, 0): 20}",5
GC07,FH1268A0F,MAIN集合,1199333-20,Y8469913R,2025-10-30,20.0,0,GC18,"{datetime.datetime(2025, 10, 31, 0, 0): 20}",5
GC07,VCB-H3B7,VPR-126Z集合,1198871-10,Y8470705R,2025-10-31,1100.0,0,GT13,"{datetime.datetime(2025, 10, 31, 0, 0): 1000, datetime.datetime(2025, 11, 4, 0, 0): 100}",20
GC07,VCB-H3B7,VPR-126Z集合,1198621-10,Y8470705R,2025-10-31,100.0,0,GT13,"{datetime.datetime(2025, 11, 4, 0, 0): 100}",20
GC07,VCB-H3B7,VPR-126Z集合,1199421-10,Y8470705R,2025-10-31,20.0,0,GT13,"{datetime.datetime(2025, 11, 4, 0, 0): 20}",20
GC07,VCB-H3B7,VPR-126Z集合,1198871-20,Y8470705R,2025-10-31,1100.0,0,GT13,"{datetime.datetime(2025, 11, 4, 0, 0): 1100}",20
GC07,VCB-H3B7,VPR-126Z集合,1198621-20,Y8470705R,2025-10-31,100.0,0,GT13,"{datetime.datetime(2025, 11, 4, 0, 0): 100}",20
GC07,VCB-H3B7,VPR-126Z集合,1199421-20,Y8470705R,2025-10-31,20.0,0,GT13,"{datetime.datetime(2025, 11, 4, 0, 0): 20}",20
GC07,VCB-N3A4B,DCP-77Z集合,1198620-10,Y8470252RA,2025-10-31,100.0,0,GT13,"{datetime.datetime(2025, 11, 4, 0, 0): 100}",20
GC07,VCB-N3A4B,DCP-77Z集合,1198620-20,Y8470252RA,2025-10-31,100.0,0,GT13,"{datetime.datetime(2025, 11, 4, 0, 0): 100}",20
GC07,VCB-T5C4F,DCP-122Z集合,1198854-10,Y8470732R,2025-11-04,2560.0,0,GT13,"{datetime.datetime(2025, 11, 4, 0, 0): 1600, datetime.datetime(2025, 11, 5, 0, 0): 960}",20
GC07,VCB-T5C4F,DCP-122Z集合,1198854-20,Y8470732R,2025-11-04,2560.0,0,GT13,"{datetime.datetime(2025, 11, 5, 0, 0): 2560}",20
GC07,FH1205B2F,MAIN集合,1199330-10,Y8469977R,2025-11-05,140.0,0,GC18,"{datetime.datetime(2025, 11, 5, 0, 0): 140}",20
GC07,FH1205B2F,MAIN集合,1199330-20,Y8469977R,2025-11-05,140.0,0,GC18,"{datetime.datetime(2025, 11, 5, 0, 0): 140}",20
GC07,FH1578B0F,MAIN,1199310-10,Y8469896R,2025-11-05,210.0,0,GC18,"{datetime.datetime(2025, 11, 5, 0, 0): 210}",1
GC07,FH1578B0F,MAIN,1199310-20,Y8469896R,2025-11-05,210.0,0,GC18,"{datetime.datetime(2025, 11, 5, 0, 0): 130, datetime.datetime(2025, 11, 6, 0, 0): 80}",1
GC07,FH2125,LEDフレキ,1199342-10,Y8470624R,2025-11-05,128.0,0,GC18,"{datetime.datetime(2025, 11, 6, 0, 0): 128}",4
GC07,FH1293B2F,MAIN,1199336-10,Y8469907R,2025-11-06,48.0,0,GC18,"{datetime.datetime(2025, 11, 6, 0, 0): 48}",1
GC07,FH1433B1F,MAIN集合,1199322-10,Y8469893R,2025-11-06,184.0,0,GC18,"{datetime.datetime(2025, 11, 6, 0, 0): 184}",1
GC07,PCB-2503 EXTERNAL-IO BD,EXTERNAL-IO集合,1199404-10,Y8469970R,2025-11-05,22.0,0,GC25,"{datetime.datetime(2025, 11, 6, 0, 0): 22}",2
GC07,PCB-2503 EXTERNAL-IO BD,EXTERNAL-IO集合,1199407-10,Y8469970R,2025-11-05,78.0,0,GC25,"{datetime.datetime(2025, 11, 6, 0, 0): 10}",2
GC07,PCB-2499 INPUT-BOX BD,INPUT-BOX,1199391-10,Y8469971R,2025-11-06,100.0,0,GC25,"{datetime.datetime(2025, 11, 7, 0, 0): 100}",1
GC07,PCB-2499 INPUT-BOX BD,INPUT-BOX,1199394-10,Y8469971R,2025-11-07,100.0,0,GC25,"{datetime.datetime(2025, 11, 7, 0, 0): 100}",1
GC07,PCB-2499 INPUT-BOX BD,INPUT-BOX,1199391-20,Y8469971R,2025-11-06,100.0,0,GC25,"{datetime.datetime(2025, 11, 10, 0, 0): 100}",1
GC07,PCB-2499 INPUT-BOX BD,INPUT-BOX,1199394-20,Y8469971R,2025-11-07,100.0,0,GC25,"{datetime.datetime(2025, 11, 10, 0, 0): 100}",1
GC07,FH2223,FH2223基板,1199304-10,Y8470561R,2025-11-07,133.0,0,GC18,"{datetime.datetime(2025, 11, 10, 0, 0): 133}",1
GC07,FH2223,FH2223基板,1199304-20,Y8470561R,2025-11-07,133.0,0,GC18,"{datetime.datetime(2025, 11, 10, 0, 0): 133}",1
GC07,VCB-T2C4,DCP-122Z集合,1198857-10,Y8470730R,2025-11-07,1440.0,0,GT13,"{datetime.datetime(2025, 11, 11, 0, 0): 1440}",20
GC07,VCB-T2C4,DCP-122Z集合,1198858-10,Y8470730R,2025-11-07,900.0,0,GT13,"{datetime.datetime(2025, 11, 11, 0, 0): 900}",20
GC07,VCB-T2C4,DCP-122Z集合,1198857-20,Y8470730R,2025-11-07,1440.0,0,GT13,"{datetime.datetime(2025, 11, 11, 0, 0): 1440}",20
GC07,VCB-T2C4,DCP-122Z集合,1198858-20,Y8470730R,2025-11-07,900.0,0,GT13,"{datetime.datetime(2025, 11, 11, 0, 0): 900}",20
GC07,OPERATION_UNIT,KEY,1199398-10,Y8469973R,2025-11-10,100.0,0,GC25,"{datetime.datetime(2025, 11, 11, 0, 0): 30, datetime.datetime(2025, 11, 12, 0, 0): 70}",1
GC07,OPERATION_UNIT,KEY,1199398-20,Y8469973R,2025-11-10,100.0,0,GC25,"{datetime.datetime(2025, 11, 12, 0, 0): 100}",1
GC07,RECORDER_UNIT,MAIN集合,1199411-10,Y8469975R,2025-11-11,30.0,0,GC25,"{datetime.datetime(2025, 11, 12, 0, 0): 30}",10
GC07,RECORDER_UNIT,MAIN集合,1199411-20,Y8469975R,2025-11-11,30.0,0,GC25,"{datetime.datetime(2025, 11, 12, 0, 0): 30}",10
GC07,RECORDER_UNIT,MAIN集合,1199413-10,Y8469975R,2025-11-11,70.0,0,GC25,"{datetime.datetime(2025, 11, 12, 0, 0): 10}",10
GC07,RECORDER_UNIT,MAIN集合,1199413-20,Y8469975R,2025-11-11,70.0,0,GC25,"{datetime.datetime(2025, 11, 12, 0, 0): 10}",10
GC07,FH1230B2F,MAIN集合,1199325-10,Y8469901R,2025-11-12,240.0,0,GC18,"{datetime.datetime(2025, 11, 12, 0, 0): 240}",10
GC07,FH1230B2F,MAIN集合,1199325-20,Y8469901R,2025-11-12,240.0,0,GC18,"{datetime.datetime(2025, 11, 12, 0, 0): 240}",10
GC07,FH1816A0F,ﾘﾓｰﾄIO,1199320-10,Y8470088R,2025-11-11,40.0,0,GC18,"{datetime.datetime(2025, 11, 13, 0, 0): 40}",1
GC07,FH1816A0F,ﾘﾓｰﾄIO,1199320-20,Y8470088R,2025-11-11,40.0,0,GC18,"{datetime.datetime(2025, 11, 13, 0, 0): 40}",1
GC07,FH2338,FH2338集合,1199340-10,Y8470766R,2025-11-13,624.0,0,GC18,"{datetime.datetime(2025, 11, 13, 0, 0): 624}",4
GC07,FH2125,LEDフレキ,1199345-10,Y8470624R,2025-11-13,80.0,0,GC18,"{datetime.datetime(2025, 11, 13, 0, 0): 80}",4
GC07,RECORDER_UNIT,MAIN集合,1199415-10,Y8469975R,2025-11-13,70.0,0,GC25,"{datetime.datetime(2025, 11, 15, 0, 0): 50}",10
GC07,RECORDER_UNIT,MAIN集合,1199415-20,Y8469975R,2025-11-13,50.0,0,GC25,"{datetime.datetime(2025, 11, 15, 0, 0): 50}",10
GC07,FH1578B0F,MAIN集合,1198896-10,Y8469975R,2025-10-16,50.0,0,GC18,"{datetime.datetime(2025, 10, 24, 0, 0): 'GC18', datetime.datetime(2025, 10, 25, 0, 0): 'GC06', datetime.datetime(2025, 10, 29, 0, 0): 320}",1
GC07,FH1578B0F,MAIN,1198896-20,Y8469896R,2025-10-16,320.0,0,GC18,"{datetime.datetime(2025, 10, 24, 0, 0): 'GC18', datetime.datetime(2025, 10, 25, 0, 0): 'GC06', datetime.datetime(2025, 10, 29, 0, 0): 320}",1
GC07,FH1578B0F,MAIN,-10,Y8469896R,2025-11-19,210.0,0,GC18,"{datetime.datetime(2025, 10, 24, 0, 0): 'GC18', datetime.datetime(2025, 10, 25, 0, 0): 'GC06', datetime.datetime(2025, 10, 29, 0, 0): 180}",1
GC07,FH1578B0F,MAIN,-20,Y8469896R,2025-11-19,180.0,0,GC18,"{datetime.datetime(2025, 10, 24, 0, 0): 'GC18', datetime.datetime(2025, 10, 25, 0, 0): 'GC06', datetime.datetime(2025, 10, 29, 0, 0): 180}",1
GC07,FH2223,MAIN,1198883-10,Y8469896R,2025-10-14,200.0,0,GC18,"{datetime.datetime(2025, 10, 27, 0, 0): 120}",1
GC07,FH2223,FH2223基板,1198883-20,Y8470561R,2025-10-14,120.0,0,GC18,"{datetime.datetime(2025, 10, 27, 0, 0): 120}",1
GC07,FH2388,FH2388基板,1167363-10,Y8470738R,2023-01-10,,0,GC18,"{datetime.datetime(2025, 10, 27, 0, 0): 4}",1
GC07,FH2388,FH2388基板,1167363-20,Y8470629R,2023-01-10,4.0,0,GC18,"{datetime.datetime(2025, 10, 27, 0, 0): 4}",1
GC07,FH1433B1F,MAIN,1198908-10,Y8469928R,2025-10-17,,0,GC18,"{datetime.datetime(2025, 10, 29, 0, 0): 72, datetime.datetime(2025, 11, 8, 0, 0): '1枚LEDフレキ基板\u3000MT：挿しなし'}",1
GC07,FH1436B3F,MAIN集合,1198215-10,Y8469898R,2025-09-17,30.0,0,GC18,"{datetime.datetime(2025, 10, 31, 0, 0): 60}",2
GC07,FH1436B3F,MAIN集合,1198215-20,Y8469899R,2025-09-17,60.0,0,GC18,"{datetime.datetime(2025, 10, 31, 0, 0): 60}",2
GC07,FH1502D0F,MAIN集合,1198914-10,Y8469899R,2025-10-15,60.0,0,GC18,"{datetime.datetime(2025, 10, 29, 0, 0): 120}",2
GC07,FH1502D0F,MAIN集合,1198914-20,Y8469922R,2025-10-15,120.0,0,GC18,"{datetime.datetime(2025, 10, 29, 0, 0): 120}",2
GC07,FH1816A0F,MAIN,1198906-10,Y8469943R,2025-10-09,,0,GC18,"{datetime.datetime(2025, 10, 29, 0, 0): 34}",1
GC07,FH1816A0F,ﾘﾓｰﾄIO,1198906-20,Y8470088R,2025-10-09,34.0,0,GC18,"{datetime.datetime(2025, 10, 29, 0, 0): 34}",1
GC07,FH1929A0F,MAIN集合,1189854-10,Y8470380R,2024-11-06,,0,GC18,"{datetime.datetime(2025, 10, 29, 0, 0): 270}",5
GC07,FH1929A0F,MAIN集合,1189854-20,Y8470156R,2024-11-06,270.0,0,GC18,"{datetime.datetime(2025, 10, 29, 0, 0): 270}",5
GC07,FH2338,LED集合,1198921-10,Y8470625R,2025-10-09,7.0,0,GC18,"{datetime.datetime(2025, 10, 29, 0, 0): 240}",4
GC07,FH2338,FH2338集合,1198923-10,Y8470766R,2025-10-17,240.0,0,GC18,"{datetime.datetime(2025, 10, 29, 0, 0): 240}",4
GC07,PLUM CPU,FH2338集合,1197607-10,Y8470766R,2025-07-22,667.0,0,GC07,"{datetime.datetime(2025, 10, 28, 0, 0): 4}",2
GC07,PLUM CPU,PLUM-MA集合,1197607-20,Y8469848R,2025-07-22,4.0,0,GC07,"{datetime.datetime(2025, 10, 28, 0, 0): 4}",2
GC07,XGMU-SNMP(FULL),MAIN集合,1197029-10,Y8470193R,2025-09-09,,0,GC02,"{datetime.datetime(2025, 10, 26, 0, 0): 40}",1
GC07,XGMU-SNMP(FULL),MAIN,1197029-20,Y8469622M,2025-09-09,40.0,0,GC02,"{datetime.datetime(2025, 10, 26, 0, 0): 40}",1
GC07,VCB-N3A4B,MAIN,1198861-10,Y8469622M,2025-10-06,20.0,0,GT13,"{datetime.datetime(2025, 10, 27, 0, 0): 480}",20
GC07,VCB-N3A4B,DCP-77Z集合,1198861-20,Y8470252RA,2025-10-06,480.0,0,GT13,"{datetime.datetime(2025, 10, 27, 0, 0): 480}",20
GC07,VCB-N3A4B,DCP-77Z集合,1198862-10,Y8470252RA,2025-10-06,480.0,0,GT13,"{datetime.datetime(2025, 10, 27, 0, 0): 480}",20
GC07,VCB-N3A4B,DCP-77Z集合,1198862-20,Y8470252RA,2025-10-06,480.0,0,GT13,"{datetime.datetime(2025, 10, 27, 0, 0): 480}",20
GC07,VCB-N3A4B,DCP-77Z集合,1198864-10,Y8470252RA,2025-10-06,480.0,0,GT13,"{datetime.datetime(2025, 10, 27, 0, 0): 1700}",20
GC07,VCB-N3A4B,DCP-77Z集合,1198864-20,Y8470252RA,2025-10-06,1700.0,0,GT13,"{datetime.datetime(2025, 10, 27, 0, 0): 1700}",20
GC07,VCB-N3A4B,DCP-77Z集合,1198867-10,Y8470252RA,2025-10-17,1700.0,0,GT13,"{datetime.datetime(2025, 10, 27, 0, 0): 7900}",20
GC07,VCB-N3A4B,DCP-77Z集合,1198867-20,Y8470252RA,2025-10-17,7900.0,0,GT13,"{datetime.datetime(2025, 10, 27, 0, 0): 7900}",20
GC07,VCB-N3A4B,DCP-77Z集合,1199040-10,Y8470252RA,2025-10-17,7900.0,0,GT13,"{datetime.datetime(2025, 10, 28, 0, 0): 200}",20
GC07,VCB-N3A4B,DCP-77Z集合,1199040-20,Y8470252RA,2025-10-17,200.0,0,GT13,"{datetime.datetime(2025, 10, 28, 0, 0): 200}",20
GC07,VCB-N3A4B,DCP-77Z集合,1199147-10,Y8470252RA,2025-10-17,200.0,0,GT13,"{datetime.datetime(2025, 10, 28, 0, 0): 20}",20
GC07,VCB-N3A4B,DCP-77Z集合,1199147-20,Y8470252RA,2025-10-17,20.0,0,GT13,"{datetime.datetime(2025, 10, 28, 0, 0): 20}",20
GC07,VCB-H3C8,DCP-77Z集合,1198863-10,Y8470252RA,2025-10-06,6600.0,0,GT13,"{datetime.datetime(2025, 10, 27, 0, 0): 600}",20
GC07,VCB-H3C8,DCP-77Z集合,1198863-20,Y8470432R,2025-10-06,600.0,0,GT13,"{datetime.datetime(2025, 10, 27, 0, 0): 600}",20
GC07,VCB-H3C8,DCP-77Z集合,1198868-10,Y8470432R,2025-10-06,600.0,0,GT13,"{datetime.datetime(2025, 10, 27, 0, 0): 600}",20
GC07,VCB-H3C8,VPR-126Z集合,1198868-20,Y8470434R,2025-10-06,600.0,0,GT13,"{datetime.datetime(2025, 10, 27, 0, 0): 600}",20
GC07,VCB-N3A4B,VPR-126Z集合,1198865-10,Y8470434R,2025-10-06,,0,GT13,"{datetime.datetime(2025, 10, 27, 0, 0): 480}",20
GC07,VCB-N3A4B,VPR-126Z集合,1198865-20,Y8470254RA,2025-10-06,480.0,0,GT13,"{datetime.datetime(2025, 10, 27, 0, 0): 480}",20
GC07,VCB-N3A4B,VPR-126Z集合,1198866-10,Y8470254RA,2025-10-06,480.0,0,GT13,"{datetime.datetime(2025, 10, 27, 0, 0): 480}",20
GC07,VCB-N3A4B,VPR-126Z集合,1198866-20,Y8470254RA,2025-10-06,480.0,0,GT13,"{datetime.datetime(2025, 10, 27, 0, 0): 480}",20
GC07,VCB-N3A4B,VPR-126Z集合,1199041-10,Y8470254RA,2025-10-06,480.0,0,GT13,"{datetime.datetime(2025, 11, 3, 0, 0): 80}",20
GC07,VCB-N3A4B,VPR-126Z集合,1199041-20,Y8470254RA,2025-10-06,80.0,0,GT13,"{datetime.datetime(2025, 11, 3, 0, 0): 80}",20
GC07,VCB-H3B7,VPR-126Z集合,1198870-10,Y8470254RA,2025-10-22,1480.0,0,GT13,"{datetime.datetime(2025, 10, 27, 0, 0): 3000}",20
GC07,VCB-H3B7,VPR-126Z集合,1198870-20,Y8470705R,2025-10-22,3000.0,0,GT13,"{datetime.datetime(2025, 10, 27, 0, 0): 3000}",20
GC07,VCB-H3B7,VPR-126Z集合,1199145-10,Y8470705R,2025-10-23,3000.0,0,GT13,"{datetime.datetime(2025, 10, 27, 0, 0): 3300}",20
GC07,VCB-T2C4,DCP-122Z集合,1198859-10,Y8470730R,2025-11-05,900.0,0,GT13,"{datetime.datetime(2025, 10, 27, 0, 0): 2600}",20
GC07,VCB-T2C4,DCP-122Z集合,1198859-20,Y8470730R,2025-11-05,2600.0,0,GT13,"{datetime.datetime(2025, 10, 27, 0, 0): 2600}",20
GC07,VCB-T2C4,DCP-122Z集合,1199438-10,Y8470730R,2025-11-20,2600.0,0,GT13,"{datetime.datetime(2025, 10, 27, 0, 0): 2400}",20
GC07,VCB-T2C4,DCP-122Z集合,1199438-20,Y8470730R,2025-11-20,2400.0,0,GT13,"{datetime.datetime(2025, 10, 27, 0, 0): 2400}",20
GC07,VCB-T5C4F,DCP-122Z集合,1198856-10,Y8470732R,2025-11-05,2560.0,0,GT13,"{datetime.datetime(2025, 10, 27, 0, 0): 300}",20
GC07,VCB-T5C4F,DCP-122Z集合,1198856-20,Y8470732R,2025-11-05,300.0,0,GT13,"{datetime.datetime(2025, 10, 27, 0, 0): 300}",20
GC07,VCB-T5C4F,DCP-122Z集合,1199431-10,Y8470732R,2025-11-20,300.0,0,GT13,"{datetime.datetime(2025, 10, 27, 0, 0): 4800}",20
GC07,VCB-T5C4F,DCP-122Z集合,1199431-20,Y8470732R,2025-11-20,4800.0,0,GT13,"{datetime.datetime(2025, 10, 27, 0, 0): 4800}",20
GC07,VCB-T5C4L,DCP-122Z集合,1198852-10,Y8470734R,2025-11-05,2400.0,0,GT13,"{datetime.datetime(2025, 10, 27, 0, 0): 300}",20
GC07,VCB-T5C4L,DCP-122Z集合,1198852-20,Y8470734R,2025-11-05,300.0,0,GT13,"{datetime.datetime(2025, 10, 27, 0, 0): 300}",20
GC07,VCB-T5C4L,DCP-122Z集合,1198853-10,Y8470734R,2025-11-05,300.0,0,GT13,"{datetime.datetime(2025, 10, 27, 0, 0): 300}",20
GC07,VCB-T5C4L,DCP-122Z集合,1198853-20,Y8470734R,2025-11-05,300.0,0,GT13,"{datetime.datetime(2025, 10, 27, 0, 0): 300}",20
GC07,VCB-H761B,DCP-122Z集合,1198099-10,Y8470736R,2026-01-08,2560.0,0,GT15,"{datetime.datetime(2025, 10, 28, 0, 0): 3840}",16
GC07,VCB-H761B,DCP-137Z集合,1198099-20,Y8470833R,2026-01-08,3840.0,0,GT15,"{datetime.datetime(2025, 10, 28, 0, 0): 3840}",16
GC07,VCB-H761B,DCP-137Z集合,1198100-10,Y8470833R,2026-01-08,3840.0,0,GT15,"{datetime.datetime(2025, 10, 28, 0, 0): 3840}",16
GC07,VCB-H761B,PS-977Z集合,1198100-20,Y8470835R,2026-01-08,3840.0,0,GT15,"{datetime.datetime(2025, 10, 28, 0, 0): 3840}",16
GC07,VCB-H761B,PS-977Z集合,,Y8470835R,2026-01-08,3840.0,0,GT15,"{datetime.datetime(2025, 10, 28, 0, 0): 384}",16
GC08,2EGTKA000300,DV集合,1199051-20,Y8469493M,2025-10-27,68.0,0,GT11,"{datetime.datetime(2025, 10, 28, 0, 0): 68}",4
GC08,MA-E355/L REV2(SA-M1),AMM574-LTE集合,1199122-10,Y8470709R,2025-10-29,100.0,0,GC07,"{datetime.datetime(2025, 10, 28, 0, 0): 100}",2
GC08,MA-E355/L REV2(SA-M1),AMM574-LTE集合,1199122-20,Y8470709R,2025-10-29,100.0,0,GC07,"{datetime.datetime(2025, 10, 28, 0, 0): 100}",2
GC08,CN-SNDFJ0CJ,772ALCD,1199594-20,Y8470815R,2025-10-30,450.0,0,GC03,"{datetime.datetime(2025, 11, 5, 0, 0): 450}",1
GC08,CN-SNDFJ0CJ,772ALCD,1199595-20,Y8470815R,2025-10-30,450.0,0,GC03,"{datetime.datetime(2025, 11, 5, 0, 0): 120, datetime.datetime(2025, 11, 6, 0, 0): 330}",1
GC08,AAE004547-CAA,MAIN集合,1199566-10,Y8470680R,2025-10-31,960.0,0,GC09,"{datetime.datetime(2025, 11, 6, 0, 0): 960}",6
GC08,MA-E355/L REV2(SA-M1),AMM574-LTE集合,1199136-10,Y8470709R,2025-11-11,200.0,0,GC07,"{datetime.datetime(2025, 11, 13, 0, 0): 200}",2
GC08,MA-E355/L REV2(SA-M1),AMM574-LTE集合,1199136-20,Y8470709R,2025-11-11,200.0,0,GC07,"{datetime.datetime(2025, 11, 13, 0, 0): 200}",2
GC08,2EGTKA000300,DV集合,1199282-10,Y8469493M,2025-11-14,84.0,0,GT11,"{datetime.datetime(2025, 11, 13, 0, 0): 84}",4
GC08,2EGTKB000300,DV1集合,1199446-10,Y8469495M,2025-11-14,64.0,0,GT11,"{datetime.datetime(2025, 11, 13, 0, 0): 64}",4
GC08,2EGTKA000300,DV集合,1199282-20,Y8469493M,2025-11-14,84.0,0,GT11,"{datetime.datetime(2025, 11, 14, 0, 0): 84}",4
GC08,2EGTKB000300,DV1集合,1199446-20,Y8469495M,2025-11-14,64.0,0,GT11,"{datetime.datetime(2025, 11, 14, 0, 0): 64}",4
GC08,2EGTKB000300,DV2集合,1199447-10,Y8469497M,2025-11-14,64.0,0,GT11,"{datetime.datetime(2025, 11, 14, 0, 0): 64}",4
GC08,2EGTKB000300,DV2集合,1199447-20,Y8469497M,2025-11-14,64.0,0,GT11,"{datetime.datetime(2025, 11, 14, 0, 0): 64}",4
GC08,2EGTKA000300,DV集合,1197643-10,Y8469493M,2025-09-08,148.0,0,GT11,"{datetime.datetime(2025, 10, 27, 0, 0): 148}",4
GC08,2EGTKA000300,DV集合,1197643-20,Y8469493M,2025-09-08,148.0,0,GT11,"{datetime.datetime(2025, 10, 27, 0, 0): 148}",4
GC08,2EGTKA000300,DV集合,1198497-10,Y8469493M,2025-10-02,172.0,0,GT11,"{datetime.datetime(2025, 10, 27, 0, 0): 172}",4
GC08,2EGTKA000300,DV集合,1198497-20,Y8469493M,2025-10-02,172.0,0,GT11,"{datetime.datetime(2025, 10, 27, 0, 0): 172}",4
GC08,2EGTKA000300,DV集合,1199051-10,Y8469493M,2025-10-27,68.0,0,GT11,"{datetime.datetime(2025, 10, 27, 0, 0): 68}",4
GC08,2EGTKA000300,DV集合,-10,Y8469493M,2025-12-20,84.0,0,GT11,"{datetime.datetime(2025, 10, 27, 0, 0): 116}",4
GC08,2EGTKA000300,DV集合,-20,Y8469493M,2025-12-20,116.0,0,GT11,"{datetime.datetime(2025, 10, 27, 0, 0): 116}",4
GC08,AJ53200,DV集合,1195810-10,Y8469493M,2025-06-03,180.0,0,GT12,"{datetime.datetime(2025, 10, 27, 0, 0): 40}",2
GC08,AJ53200,SW集合,1195810-20,Y8468484M,2025-06-03,40.0,0,GT12,"{datetime.datetime(2025, 10, 27, 0, 0): 40}",2
GC08,347-1774-000,DV2集合,1195317-10,Y8469497M,2025-04-23,80.0,0,GT14,"{datetime.datetime(2025, 10, 28, 0, 0): 150}",2
GC08,347-1774-000,BASE集合,1195317-20,Y8469280R,2025-04-23,150.0,0,GT14,"{datetime.datetime(2025, 10, 28, 0, 0): 150}",2
GC08,DK-13004,BASE集合,1196177-10,Y8469280R,2025-06-04,150.0,0,GC04,"{datetime.datetime(2025, 10, 28, 0, 0): 20}",2
GC08,DK-13004,PO集合,1196178-10,Y8469667R,2025-06-04,20.0,0,GC04,"{datetime.datetime(2025, 10, 28, 0, 0): 580}",2
GC08,EAA0739,IF集合,1189453-10,Y8470523R,2024-10-02,,0,GT09,"{datetime.datetime(2025, 10, 28, 0, 0): 410}",4
GC08,EAA0739,MAIN集合,1189453-20,Y8469534R,2024-10-02,410.0,0,GT09,"{datetime.datetime(2025, 10, 28, 0, 0): 410}",4
GC08,EAA0774,MAIN集合,1194569-10,Y8469534R,2025-04-02,410.0,0,GT23,"{datetime.datetime(2025, 10, 28, 0, 0): 180}",4
GC08,EAA0774,MAIN集合,1194569-20,Y8469768R,2025-04-02,180.0,0,GT23,"{datetime.datetime(2025, 10, 28, 0, 0): 180}",4
GC08,CM-C0370,MAIN集合,1198487-10,Y8469768R,2025-10-02,180.0,0,GT08,"{datetime.datetime(2025, 10, 27, 0, 0): 240}",1
GC08,CM-C0370,MAIN集合,1198487-20,Y8470358R,2025-10-02,240.0,0,GT08,"{datetime.datetime(2025, 10, 27, 0, 0): 240}",1
GC08,CM-C0370,MAIN集合,1198489-10,Y8470358R,2025-10-02,240.0,0,GT08,"{datetime.datetime(2025, 10, 27, 0, 0): 240}",2
GC08,CM-C0370,CONNECT集合,1198492-10,Y8470360R,2025-10-08,240.0,0,GT08,"{datetime.datetime(2025, 10, 27, 0, 0): 260}",1
GC08,CM-C0370,MAIN集合,1198492-20,Y8470358R,2025-10-08,260.0,0,GT08,"{datetime.datetime(2025, 10, 27, 0, 0): 260}",1
GC08,CM-C0370,MAIN集合,1198494-10,Y8470358R,2025-10-08,260.0,0,GT08,"{datetime.datetime(2025, 10, 27, 0, 0): 260}",2
GC08,GPS-M2,FW-T集合,1190446-10,Y8469800R,2024-11-01,300.0,0,GT04,"{datetime.datetime(2025, 10, 27, 0, 0): 100}",4
GC08,GPS-M2,MAIN-GPS集合,1190446-20,Y8470028R,2024-11-01,100.0,0,GT04,"{datetime.datetime(2025, 10, 27, 0, 0): 100}",4
GC08,IU-005C,MAIN-GPS集合,1187490-10,Y8470028R,2024-08-05,100.0,0,GC10,"{datetime.datetime(2025, 10, 27, 0, 0): 300}",2
GC08,IU-005C,MAIN集合,1187490-20,Y8469643RA,2024-08-05,300.0,0,GC10,"{datetime.datetime(2025, 10, 27, 0, 0): 300}",2
GC08,XC-420A,MAIN集合,1189455-10,Y8469643RA,2024-10-10,300.0,0,GT21,"{datetime.datetime(2025, 10, 28, 0, 0): 96}",10
GC08,XC-420A,MAIN集合,1189455-20,Y8469817R,2024-10-10,96.0,0,GT21,"{datetime.datetime(2025, 10, 28, 0, 0): 96}",10
GC08,347-1082-000,MAIN集合,1186542-10,Y8469817R,2024-06-04,96.0,0,GT14,"{datetime.datetime(2025, 10, 28, 0, 0): 50}",2
GC08,347-1082-000,BA集合,1186542-20,Y8468762M,2024-06-04,50.0,0,GT14,"{datetime.datetime(2025, 10, 28, 0, 0): 50}",2
GC08,MA-E325/D-16#TKW,MAIN集合,1191156-10,Y8469548R,2024-01-09,100.0,0,GC07,"{datetime.datetime(2025, 10, 28, 0, 0): 150}",1
GC08,MA-E325/D-16#TKW,U_IO SSD基板,1191156-20,Y8470809R,2024-01-09,150.0,0,GC07,"{datetime.datetime(2025, 10, 28, 0, 0): 150}",1
GC08,MA-E350/LAD,U_IO SSD基板,1189340-10,Y8470809R,2024-10-03,150.0,0,GC07,"{datetime.datetime(2025, 10, 28, 0, 0): 100}",2
GC08,MA-E350/LAD,M2ADP,1189340-20,Y8470342R,2024-10-03,100.0,0,GC07,"{datetime.datetime(2025, 10, 28, 0, 0): 100}",2
GC08,MA-E350/NLAD,M2ADP,1189338-10,Y8470342R,2024-10-03,100.0,0,GC07,"{datetime.datetime(2025, 10, 28, 0, 0): 100}",2
GC08,MA-E350/NLAD,UM03集合,1189338-20,Y8469934R,2024-10-03,100.0,0,GC07,"{datetime.datetime(2025, 10, 28, 0, 0): 100}",2
GC08,MA-E350/LAD REV2#ECOMOTT,UM03集合,1197949-10,Y8469934R,2025-09-08,100.0,0,GC07,"{datetime.datetime(2025, 10, 28, 0, 0): 100}",2
GC08,MA-E350/LAD REV2#ECOMOTT,AMM574-AD集合,1197949-20,Y8470711R,2025-09-08,100.0,0,GC07,"{datetime.datetime(2025, 10, 28, 0, 0): 100}",2
GC08,MA-E350/LAD REV2#ECOMOTT,AMM574-AD集合,1198457-10,Y8470711R,2025-09-19,100.0,0,GC07,"{datetime.datetime(2025, 10, 28, 0, 0): 100}",2
GC08,MA-E350/LAD REV2#ECOMOTT,AMM574-AD集合,1198457-20,Y8470711R,2025-09-19,100.0,0,GC07,"{datetime.datetime(2025, 10, 28, 0, 0): 100}",2
GC08,MA-E350/LAD-40,AMM574-AD集合,1189441-10,Y8470711R,2024-10-30,100.0,0,GC07,"{datetime.datetime(2025, 10, 28, 0, 0): 50}",1
GC08,MA-E350/LAD-40,I,1189441-20,Y8470426R,2024-10-30,50.0,0,GC07,"{datetime.datetime(2025, 10, 28, 0, 0): 50}",1
GC08,MA-E350/2L#NSTG,I,1198480-10,Y8470426R,2025-10-01,50.0,0,GC07,"{datetime.datetime(2025, 10, 28, 0, 0): 200}",2
GC08,MA-E350/2L#NSTG,AMM574-2SIM集合,1198480-20,Y8470707R,2025-10-01,200.0,0,GC07,"{datetime.datetime(2025, 10, 28, 0, 0): 200}",2
GC08,MA-E350/LAD-36,AMM574-2SIM集合,1197888-10,Y8470707R,2025-08-22,200.0,0,GC07,"{datetime.datetime(2025, 10, 28, 0, 0): 100}",1
GC08,MA-E350/LAD-36,I,1197888-20,Y8470424R,2025-08-22,100.0,0,GC07,"{datetime.datetime(2025, 10, 28, 0, 0): 100}",1
GC08,NXR-G100/L,P_REDPINE_W集合,1194192-10,Y8470638R,2025-04-15,100.0,0,GC07,"{datetime.datetime(2025, 10, 28, 0, 0): 100}",2
GC08,NXR-G100/L,PL集合,1194192-20,Y8470188R,2025-04-15,100.0,0,GC07,"{datetime.datetime(2025, 10, 28, 0, 0): 100}",2
GC08,NXR-G120/L,PL集合,1193429-10,Y8470510R,2025-03-04,,0,GC07,"{datetime.datetime(2025, 10, 28, 0, 0): 150}",2
GC08,NXR-G120/L,AMM574-2SIM集合,1193429-20,Y8470742R,2025-03-04,150.0,0,GC07,"{datetime.datetime(2025, 10, 28, 0, 0): 150}",2
GC08,NXR-G110/L-CA REV2,AMM574-2SIM集合,1195806-10,Y8470742R,2025-06-23,150.0,0,GC07,"{datetime.datetime(2025, 10, 28, 0, 0): 80}",2
GC08,NXR-G110/L-CA REV2,AMM574-LTE集合,1195806-20,Y8470803R,2025-06-23,80.0,0,GC07,"{datetime.datetime(2025, 10, 28, 0, 0): 80}",2
GC08,NXR-G110/L-CA REV2,AMM574-LTE集合,1197331-10,Y8470803R,2025-07-28,80.0,0,GC07,"{datetime.datetime(2025, 10, 28, 0, 0): 220}",2
GC08,NXR-G110/L-CA REV2,AMM574-LTE集合,1197331-20,Y8470803R,2025-07-28,220.0,0,GC07,"{datetime.datetime(2025, 10, 28, 0, 0): 220}",2
GC08,MA-E320/D-16 REV2,PL_KYM_AD集合,1194882-10,Y8470264R,2025-05-08,,0,GC07,"{datetime.datetime(2025, 10, 29, 0, 0): 100}",1
GC08,MA-E320/D-16 REV2,U_IO SSD基板,1194882-20,Y8470376R,2025-05-08,100.0,0,GC07,"{datetime.datetime(2025, 10, 29, 0, 0): 100}",1
GC08,MA-E355/L REV2(SA-M1),AMM574-LTE集合,1199293-10,Y8470709R,2025-11-17,200.0,0,GC07,"{datetime.datetime(2025, 10, 28, 0, 0): 300}",2
GC08,MA-E355/L REV2(SA-M1),AMM574-LTE集合,1199293-20,Y8470709R,2025-11-17,300.0,0,GC07,"{datetime.datetime(2025, 10, 28, 0, 0): 300}",2
GC08,IP-K100/L,AMM574-LTE集合,1190996-10,Y8470709R,2024-12-04,200.0,0,GC07,"{datetime.datetime(2025, 10, 28, 0, 0): 100}",1
GC08,IP-K100/L,OP,1190996-20,Y8470807R,2024-12-04,100.0,0,GC07,"{datetime.datetime(2025, 10, 28, 0, 0): 100}",1
GC08,MA-E380/L,OP,1194051-10,Y8470807R,2025-04-02,100.0,0,GC07,"{datetime.datetime(2025, 10, 28, 0, 0): 50}",1
GC08,MA-E380/L,OP,1194051-20,Y8470489R,2025-04-02,50.0,0,GC07,"{datetime.datetime(2025, 10, 28, 0, 0): 50}",1
GC09,AAE004547-CAA,MAIN集合,1199448-10,Y8470680R,2025-10-23,960.0,0,GC09,"{datetime.datetime(2025, 10, 24, 0, 0): 960}",6
GC09,AAE004547-CAA,MAIN集合,1199452-10,Y8470680R,2025-10-23,1800.0,0,GC09,"{datetime.datetime(2025, 10, 24, 0, 0): 990, datetime.datetime(2025, 10, 27, 0, 0): 810}",6
GC09,AAE004547-CAA,MAIN集合,1199453-10,Y8470680R,2025-10-23,1800.0,0,GC09,"{datetime.datetime(2025, 10, 27, 0, 0): 1800}",6
GC09,CN-SNDFJ0CJ,770AMAIN,1199490-20,Y8470811R,2025-10-24,400.0,0,GC03,"{datetime.datetime(2025, 10, 27, 0, 0): 400}",1
GC09,CN-SNDFJ0CJ,770AMAIN,1199491-20,Y8470811R,2025-10-24,400.0,0,GC03,"{datetime.datetime(2025, 10, 27, 0, 0): 30, datetime.datetime(2025, 10, 28, 0, 0): 370}",1
GC09,CN-SNDFJ0CJ,770AMAIN,1199492-20,Y8470811R,2025-10-24,200.0,0,GC03,"{datetime.datetime(2025, 10, 28, 0, 0): 200}",1
GC09,CN-SNDFJ0CJ,770AMAIN,1199493-20,Y8470811R,2025-10-24,370.0,0,GC03,"{datetime.datetime(2025, 10, 29, 0, 0): 370}",1
GC09,CN-SNDFJ0CJ,770AMAIN,1199494-20,Y8470811R,2025-10-24,80.0,0,GC03,"{datetime.datetime(2025, 10, 29, 0, 0): 80}",1
GC09,CN-SNDFJ0CJ,770AMAIN,1199495-20,Y8470811R,2025-10-29,450.0,0,GC03,"{datetime.datetime(2025, 10, 29, 0, 0): 120}",1
GC09,FVA-U3SX,MAIN集合,1199237-10,Y8469758RA,2025-10-30,1200.0,0,GC12,"{datetime.datetime(2025, 10, 30, 0, 0): 300}",6
GC09,FVA-U3SX,MAIN集合,1199237-20,Y8469758RA,2025-10-30,1200.0,0,GC12,"{datetime.datetime(2025, 10, 30, 0, 0): 300}",6
GC09,CN-SNDFJ0CJ,770AMAIN,1199583-20,Y8470811R,2025-10-30,450.0,0,GC03,"{datetime.datetime(2025, 10, 31, 0, 0): 450}",1
GC09,CN-SNDFJ0CJ,770AMAIN,1199584-20,Y8470811R,2025-10-30,450.0,0,GC03,"{datetime.datetime(2025, 10, 31, 0, 0): 450}",1
GC09,BSR03NC,MAIN集合,1199417-10,Y8469758RA,2025-11-05,1200.0,0,GC27,"{datetime.datetime(2025, 11, 4, 0, 0): 300}",2
GC09,BSR03NC,BASE集合,1199417-20,Y8470000R,2025-11-05,300.0,0,GC27,"{datetime.datetime(2025, 11, 4, 0, 0): 300}",2
GC09,CN-SNDFJ0CJ,BASE集合,1199585-20,Y8470000R,2025-10-30,300.0,0,GC03,"{datetime.datetime(2025, 11, 4, 0, 0): 185, datetime.datetime(2025, 11, 5, 0, 0): 265}",1
GC09,CN-SNDFJ0CJ,770AMAIN,1199586-20,Y8470811R,2025-11-05,450.0,0,GC03,"{datetime.datetime(2025, 11, 5, 0, 0): 310}",1
GC09,CN-SNDFJ0CJ,770AMAIN,1199587-20,Y8470811R,2025-11-05,450.0,0,GC03,"{datetime.datetime(2025, 11, 7, 0, 0): 270, datetime.datetime(2025, 11, 10, 0, 0): 180}",1
GC09,FVA-U3SX,770AMAIN,1199240-10,Y8470811R,2025-11-11,450.0,0,GC12,"{datetime.datetime(2025, 11, 11, 0, 0): 1200}",6
GC09,FVA-U3SX,MAIN集合,1199240-20,Y8469758RA,2025-11-11,1200.0,0,GC12,"{datetime.datetime(2025, 11, 11, 0, 0): 1200}",6
GC09,CI-1200A-A,MAIN集合,1191504-10,Y8469758RA,2024-12-20,1200.0,0,GC04,"{datetime.datetime(2025, 11, 7, 0, 0): 100}",2
GC09,CI-1200A-A,MAIN集合,1191504-20,Y8470005R,2024-12-20,100.0,0,GC04,"{datetime.datetime(2025, 11, 7, 0, 0): 100}",2
GC09,CI-1300A-A,MAIN集合,1198378-10,Y8470005R,2025-09-19,100.0,0,GC04,"{datetime.datetime(2025, 10, 29, 0, 0): 200}",2
GC09,CI-1300A-A,MAIN集合,1198378-20,Y8470009R,2025-09-19,200.0,0,GC04,"{datetime.datetime(2025, 10, 29, 0, 0): 200}",2
GC09,CI-1300A-A,MAIN集合,-10,Y8470009R,2026-03-23,200.0,0,GC04,"{datetime.datetime(2025, 10, 29, 0, 0): 150}",2
GC09,CI-1300A-A,MAIN集合,-20,Y8470009R,2026-03-23,150.0,0,GC04,"{datetime.datetime(2025, 10, 29, 0, 0): 150}",2
GC09,EA-2406A-A,MAIN集合,1198695-10,Y8470011R,2025-10-20,100.0,0,GC04,"{datetime.datetime(2025, 11, 2, 0, 0): 60}",1
GC09,EA-2406A-A,MAIN,1198695-20,Y8469665R,2025-10-20,60.0,0,GC04,"{datetime.datetime(2025, 11, 2, 0, 0): 60}",1
GC09,FVA-U3SX,MAIN集合,1199243-10,Y8469758RA,2025-11-18,1200.0,0,GC12,"{datetime.datetime(2025, 10, 26, 0, 0): 1200}",6
GC09,FVA-U3SX,MAIN集合,1199243-20,Y8469758RA,2025-11-18,1200.0,0,GC12,"{datetime.datetime(2025, 10, 26, 0, 0): 1200}",6
GC09,TM-120,MAIN集合,1192202-10,Y8469964R,2025-01-14,175.0,0,GC04,"{datetime.datetime(2025, 10, 28, 0, 0): 50}",1
GC09,TM-120,MAIN,1192202-20,Y8470224R,2025-01-14,50.0,0,GC04,"{datetime.datetime(2025, 10, 28, 0, 0): 50}",1
GC09,TM-300,MAIN,1197434-10,Y8470224R,2025-08-04,50.0,0,GC04,"{datetime.datetime(2025, 11, 2, 0, 0): 100}",1
GC09,TM-300,MAIN集合,1197434-20,Y8470452R,2025-08-04,100.0,0,GC04,"{datetime.datetime(2025, 11, 2, 0, 0): 100}",1
GC09,BSR03RP,コントローラー集合,1189217-10,Y8470519R,2024-09-09,30.0,0,GC27,"{datetime.datetime(2025, 10, 27, 0, 0): 100}",2
GC09,BSR03RP,HANDY集合,1189217-20,Y8469996R,2024-09-09,100.0,0,GC27,"{datetime.datetime(2025, 10, 27, 0, 0): 100}",2
GC09,BSR031N,HANDY集合,1189399-10,Y8469996R,2024-09-30,100.0,0,GC27,"{datetime.datetime(2025, 10, 27, 0, 0): 200}",2
GC09,BSR031N,BASE集合,1189399-20,Y8469987R,2024-09-30,200.0,0,GC27,"{datetime.datetime(2025, 10, 27, 0, 0): 200}",2
GC09,BSR031N,BASE集合,1198093-10,Y8469987R,2025-09-02,200.0,0,GC27,"{datetime.datetime(2025, 10, 27, 0, 0): 20}",2
GC09,BSR031N,HANDY集合,1198093-20,Y8469989R,2025-09-02,20.0,0,GC27,"{datetime.datetime(2025, 10, 27, 0, 0): 20}",2
GC09,BSR031N,HANDY集合,1198096-10,Y8469989R,2025-09-02,20.0,0,GC27,"{datetime.datetime(2025, 10, 31, 0, 0): 480}",2
GC09,BSR031N,HANDY集合,1198096-20,Y8469989R,2025-09-02,480.0,0,GC27,"{datetime.datetime(2025, 10, 31, 0, 0): 480}",2
GC09,TS-2910-20,BASE集合,1198349-10,Y8470000R,2025-10-07,300.0,0,GC16,"{datetime.datetime(2025, 10, 28, 0, 0): 40}",1
GC09,TS-2910-20,SGMCA,1198349-20,Y8469983RA,2025-10-07,40.0,0,GC16,"{datetime.datetime(2025, 10, 28, 0, 0): 40}",1
GC09,TS-2910-22,SGMCA,1198346-10,Y8469983RA,2025-10-08,50.0,0,GC16,"{datetime.datetime(2025, 10, 28, 0, 0): 10}",1
GC09,TS-2910-22,SGMCB,1198346-20,Y8469985RA,2025-10-08,10.0,0,GC16,"{datetime.datetime(2025, 10, 28, 0, 0): 10}",1
GC09,TS-2912-12,SGMCB,1196104-10,Y8469985RA,2025-06-03,10.0,0,GC16,"{datetime.datetime(2025, 10, 28, 0, 0): 50}",3
GC09,TS-2912-12,DDC集合,1196104-20,Y8470208R,2025-06-03,50.0,0,GC16,"{datetime.datetime(2025, 10, 28, 0, 0): 50}",3
GC09,TS-2912-12,DDC集合,1196102-10,Y8470208R,2025-06-03,50.0,0,GC16,"{datetime.datetime(2025, 10, 28, 0, 0): 50}",1
GC09,TS-2912-12,MAIN,1196102-20,Y8470206R,2025-06-03,50.0,0,GC16,"{datetime.datetime(2025, 10, 28, 0, 0): 50}",1
GC09,TS-2912-10,MAIN,1198343-10,Y8470206R,2025-10-03,50.0,0,GC16,"{datetime.datetime(2025, 10, 29, 0, 0): 10}",1
GC09,TS-2912-10,MAIN,1198343-20,Y8470378R,2025-10-03,10.0,0,GC16,"{datetime.datetime(2025, 10, 29, 0, 0): 10}",1
